Workbook

Sheet Ünnep
A1: Ünnepek:
A2: 43466 | B2: Újév
A3: 43539 | B3: 1848-as forradalom
A4: 43565 | B4: Nagypéntek
A5: 43567 | B5: Húsvét
A6: 43568
A7: 43586 | B7: Munka ünnepe
A8: 43616 | B8: Pünkösd
A9: 43617
A10: 43697 | B10: Államalapítás ünnepe
A11: 43761 | B11: 1956-os forradalom
A12: 43770 | B12: Mindenszentek
A13: 43824 | B13: Karácsony
A14: 43825
A16: változó adat!

Sheet 2020
A1: 2020. év
A3: JANUÁR | B3: 1 | C3: 2 | D3: 3 | E3: 4 | F3: 5 | G3: 6 | H3: 7 | I3: 8 | J3: 9 | K3: 10 | L3: 11 | M3: 12 | N3: 13 | O3: 14 | P3: 15 | Q3: 16 | R3: 17 | S3: 18 | T3: 19 | U3: 20 | V3: 21 | W3: 22 | X3: 23 | Y3: 24 | Z3: 25 | AA3: 26 | AB3: 27 | AC3: 28 | AD3: 29 | AE3: 30 | AF3: 31
B4: Sze | C4: Cs | D4: P | E4: Szo | F4: V | G4: H | H4: K | I4: Sze | J4: Cs | K4: P | L4: Szo | M4: V | N4: H | O4: K | P4: Sze | Q4: Cs | R4: P | S4: Szo | T4: V | U4: H | V4: K | W4: Sze | X4: Cs | Y4: P | Z4: Szo | AA4: V | AB4: H | AC4: K | AD4: Sze | AE4: Cs | AF4: P
A5: "A" műszak | B5: 3 | C5: 3 | D5: X | E5: X | F5: 2 | G5: 2 | H5: 2 | I5: 2 | J5: 2 | K5: 2 | L5: X | M5: X | N5: 1 | O5: 1 | P5: 1 | Q5: 1 | R5: 1 | S5: 1 | T5: X | U5: X | V5: 3 | W5: 3 | X5: 3 | Y5: 3 | Z5: 3 | AA5: 3 | AB5: X | AC5: X | AD5: 2 | AE5: 2 | AF5: 2
A6: "B" műszak | B6: X | C6: X | D6: 3 | E6: 3 | F6: 3 | G6: 3 | H6: 3 | I6: 3 | J6: X | K6: X | L6: 2 | M6: 2 | N6: 2 | O6: 2 | P6: 2 | Q6: 2 | R6: X | S6: X | T6: 1 | U6: 1 | V6: 1 | W6: 1 | X6: 1 | Y6: 1 | Z6: X | AA6: X | AB6: 3 | AC6: 3 | AD6: 3 | AE6: 3 | AF6: 3
A7: "C" műszak | B7: 1 | C7: 1 | D7: 1 | E7: 1 | F7: 1 | G7: 1 | H7: X | I7: X | J7: 3 | K7: 3 | L7: 3 | M7: 3 | N7: 3 | O7: 3 | P7: X | Q7: X | R7: 2 | S7: 2 | T7: 2 | U7: 2 | V7: 2 | W7: 2 | X7: X | Y7: X | Z7: 1 | AA7: 1 | AB7: 1 | AC7: 1 | AD7: 1 | AE7: 1 | AF7: X
A8: "D" műszak | B8: 2 | C8: 2 | D8: 2 | E8: 2 | F8: X | G8: X | H8: 1 | I8: 1 | J8: 1 | K8: 1 | L8: 1 | M8: 1 | N8: X | O8: X | P8: 3 | Q8: 3 | R8: 3 | S8: 3 | T8: 3 | U8: 3 | V8: X | W8: X | X8: 2 | Y8: 2 | Z8: 2 | AA8: 2 | AB8: 2 | AC8: 2 | AD8: X | AE8: X | AF8: 1
A11: FEBRUÁR | B11: 1 | C11: 2 | D11: 3 | E11: 4 | F11: 5 | G11: 6 | H11: 7 | I11: 8 | J11: 9 | K11: 10 | L11: 11 | M11: 12 | N11: 13 | O11: 14 | P11: 15 | Q11: 16 | R11: 17 | S11: 18 | T11: 19 | U11: 20 | V11: 21 | W11: 22 | X11: 23 | Y11: 24 | Z11: 25 | AA11: 26 | AB11: 27 | AC11: 28 | AD11: 29
B12: Szo | C12: V | D12: H | E12: K | F12: Sze | G12: Cs | H12: P | I12: Szo | J12: V | K12: H | L12: K | M12: Sze | N12: Cs | O12: P | P12: Szo | Q12: V | R12: H | S12: K | T12: Sze | U12: Cs | V12: P | W12: Szo | X12: V | Y12: H | Z12: K | AA12: Sze | AB12: Cs | AC12: P | AD12: Szo
A13: "A" műszak | B13: 2 | C13: 2 | D13: 2 | E13: X | F13: X | G13: 1 | H13: 1 | I13: 1 | J13: 1 | K13: 1 | L13: 1 | M13: X | N13: X | O13: 3 | P13: 3 | Q13: 3 | R13: 3 | S13: 3 | T13: 3 | U13: X | V13: X | W13: 2 | X13: 2 | Y13: 2 | Z13: 2 | AA13: 2 | AB13: 2 | AC13: X | AD13: X
A14: "B" műszak | B14: 3 | C14: X | D14: X | E14: 2 | F14: 2 | G14: 2 | H14: 2 | I14: 2 | J14: 2 | K14: X | L14: X | M14: 1 | N14: 1 | O14: 1 | P14: 1 | Q14: 1 | R14: 1 | S14: X | T14: X | U14: 3 | V14: 3 | W14: 3 | X14: 3 | Y14: 3 | Z14: 3 | AA14: X | AB14: X | AC14: 2 | AD14: 2
A15: "C" műszak | B15: X | C15: 3 | D15: 3 | E15: 3 | F15: 3 | G15: 3 | H15: 3 | I15: X | J15: X | K15: 2 | L15: 2 | M15: 2 | N15: 2 | O15: 2 | P15: 2 | Q15: X | R15: X | S15: 1 | T15: 1 | U15: 1 | V15: 1 | W15: 1 | X15: 1 | Y15: X | Z15: X | AA15: 3 | AB15: 3 | AC15: 3 | AD15: 3
A16: "D" műszak | B16: 1 | C16: 1 | D16: 1 | E16: 1 | F16: 1 | G16: X | H16: X | I16: 3 | J16: 3 | K16: 3 | L16: 3 | M16: 3 | N16: 3 | O16: X | P16: X | Q16: 2 | R16: 2 | S16: 2 | T16: 2 | U16: 2 | V16: 2 | W16: X | X16: X | Y16: 1 | Z16: 1 | AA16: 1 | AB16: 1 | AC16: 1 | AD16: 1
A19: MÁRCIUS | B19: 1 | C19: 2 | D19: 3 | E19: 4 | F19: 5 | G19: 6 | H19: 7 | I19: 8 | J19: 9 | K19: 10 | L19: 11 | M19: 12 | N19: 13 | O19: 14 | P19: 15 | Q19: 16 | R19: 17 | S19: 18 | T19: 19 | U19: 20 | V19: 21 | W19: 22 | X19: 23 | Y19: 24 | Z19: 25 | AA19: 26 | AB19: 27 | AC19: 28 | AD19: 29 | AE19: 30 | AF19: 31
B20: V | C20: H | D20: K | E20: Sze | F20: Cs | G20: P | H20: Szo | I20: V | J20: H | K20: K | L20: Sze | M20: Cs | N20: P | O20: Szo | P20: V | Q20: H | R20: K | S20: Sze | T20: Cs | U20: P | V20: Szo | W20: V | X20: H | Y20: K | Z20: Sze | AA20: Cs | AB20: P | AC20: Szo | AD20: V | AE20: H | AF20: K
A21: "A" műszak | B21: 1 | C21: 1 | D21: 1 | E21: 1 | F21: 1 | G21: 1 | H21: X | I21: X | J21: 3 | K21: 3 | L21: 3 | M21: 3 | N21: 3 | O21: 3 | P21: X | Q21: X | R21: 2 | S21: 2 | T21: 2 | U21: 2 | V21: 2 | W21: 2 | X21: X | Y21: X | Z21: 1 | AA21: 1 | AB21: 1 | AC21: 1 | AD21: 1 | AE21: 1 | AF21: X
A22: "B" műszak | B22: 2 | C22: 2 | D22: 2 | E22: 2 | F22: X | G22: X | H22: 1 | I22: 1 | J22: 1 | K22: 1 | L22: 1 | M22: 1 | N22: X | O22: X | P22: 3 | Q22: 3 | R22: 3 | S22: 3 | T22: 3 | U22: 3 | V22: X | W22: X | X22: 2 | Y22: 2 | Z22: 2 | AA22: 2 | AB22: 2 | AC22: 2 | AD22: X | AE22: X | AF22: 1
A23: "C" műszak | B23: 3 | C23: 3 | D23: X | E23: X | F23: 2 | G23: 2 | H23: 2 | I23: 2 | J23: 2 | K23: 2 | L23: X | M23: X | N23: 1 | O23: 1 | P23: 1 | Q23: 1 | R23: 1 | S23: 1 | T23: X | U23: X | V23: 3 | W23: 3 | X23: 3 | Y23: 3 | Z23: 3 | AA23: 3 | AB23: X | AC23: X | AD23: 2 | AE23: 2 | AF23: 2
A24: "D" műszak | B24: X | C24: X | D24: 3 | E24: 3 | F24: 3 | G24: 3 | H24: 3 | I24: 3 | J24: X | K24: X | L24: 2 | M24: 2 | N24: 2 | O24: 2 | P24: 2 | Q24: 2 | R24: X | S24: X | T24: 1 | U24: 1 | V24: 1 | W24: 1 | X24: 1 | Y24: 1 | Z24: X | AA24: X | AB24: 3 | AC24: 3 | AD24: 3 | AE24: 3 | AF24: 3
A27: ÁPRILIS | B27: 1 | C27: 2 | D27: 3 | E27: 4 | F27: 5 | G27: 6 | H27: 7 | I27: 8 | J27: 9 | K27: 10 | L27: 11 | M27: 12 | N27: 13 | O27: 14 | P27: 15 | Q27: 16 | R27: 17 | S27: 18 | T27: 19 | U27: 20 | V27: 21 | W27: 22 | X27: 23 | Y27: 24 | Z27: 25 | AA27: 26 | AB27: 27 | AC27: 28 | AD27: 29 | AE27: 30
B28: Sze | C28: Cs | D28: P | E28: Szo | F28: V | G28: H | H28: K | I28: Sze | J28: Cs | K28: P | L28: Szo | M28: V | N28: H | O28: K | P28: Sze | Q28: Cs | R28: P | S28: Szo | T28: V | U28: H | V28: K | W28: Sze | X28: Cs | Y28: P | Z28: Szo | AA28: V | AB28: H | AC28: K | AD28: Sze | AE28: Cs
A29: "A" műszak | B29: X | C29: 3 | D29: 3 | E29: 3 | F29: 3 | G29: 3 | H29: 3 | I29: X | J29: X | K29: 2 | L29: 2 | M29: 2 | N29: 2 | O29: 2 | P29: 2 | Q29: X | R29: X | S29: 1 | T29: 1 | U29: 1 | V29: 1 | W29: 1 | X29: 1 | Y29: X | Z29: X | AA29: 3 | AB29: 3 | AC29: 3 | AD29: 3 | AE29: 3
A30: "B" műszak | B30: 1 | C30: 1 | D30: 1 | E30: 1 | F30: 1 | G30: X | H30: X | I30: 3 | J30: 3 | K30: 3 | L30: 3 | M30: 3 | N30: 3 | O30: X | P30: X | Q30: 2 | R30: 2 | S30: 2 | T30: 2 | U30: 2 | V30: 2 | W30: X | X30: X | Y30: 1 | Z30: 1 | AA30: 1 | AB30: 1 | AC30: 1 | AD30: 1 | AE30: X
A31: "C" műszak | B31: 2 | C31: 2 | D31: 2 | E31: X | F31: X | G31: 1 | H31: 1 | I31: 1 | J31: 1 | K31: 1 | L31: 1 | M31: X | N31: X | O31: 3 | P31: 3 | Q31: 3 | R31: 3 | S31: 3 | T31: 3 | U31: X | V31: X | W31: 2 | X31: 2 | Y31: 2 | Z31: 2 | AA31: 2 | AB31: 2 | AC31: X | AD31: X | AE31: 1
A32: "D" műszak | B32: 3 | C32: X | D32: X | E32: 2 | F32: 2 | G32: 2 | H32: 2 | I32: 2 | J32: 2 | K32: X | L32: X | M32: 1 | N32: 1 | O32: 1 | P32: 1 | Q32: 1 | R32: 1 | S32: X | T32: X | U32: 3 | V32: 3 | W32: 3 | X32: 3 | Y32: 3 | Z32: 3 | AA32: X | AB32: X | AC32: 2 | AD32: 2 | AE32: 2
A35: MÁJUS | B35: 1 | C35: 2 | D35: 3 | E35: 4 | F35: 5 | G35: 6 | H35: 7 | I35: 8 | J35: 9 | K35: 10 | L35: 11 | M35: 12 | N35: 13 | O35: 14 | P35: 15 | Q35: 16 | R35: 17 | S35: 18 | T35: 19 | U35: 20 | V35: 21 | W35: 22 | X35: 23 | Y35: 24 | Z35: 25 | AA35: 26 | AB35: 27 | AC35: 28 | AD35: 29 | AE35: 30 | AF35: 31
B36: P | C36: Szo | D36: V | E36: H | F36: K | G36: Sze | H36: Cs | I36: P | J36: Szo | K36: V | L36: H | M36: K | N36: Sze | O36: Cs | P36: P | Q36: Szo | R36: V | S36: H | T36: K | U36: Sze | V36: Cs | W36: P | X36: Szo | Y36: V | Z36: H | AA36: K | AB36: Sze | AC36: Cs | AD36: P | AE36: Szo | AF36: V
A37: "A" műszak | B37: 3 | C37: X | D37: X | E37: 2 | F37: 2 | G37: 2 | H37: 2 | I37: 2 | J37: 2 | K37: X | L37: X | M37: 1 | N37: 1 | O37: 1 | P37: 1 | Q37: 1 | R37: 1 | S37: X | T37: X | U37: 3 | V37: 3 | W37: 3 | X37: 3 | Y37: 3 | Z37: 3 | AA37: X | AB37: X | AC37: 2 | AD37: 2 | AE37: 2 | AF37: 2
A38: "B" műszak | B38: X | C38: 3 | D38: 3 | E38: 3 | F38: 3 | G38: 3 | H38: 3 | I38: X | J38: X | K38: 2 | L38: 2 | M38: 2 | N38: 2 | O38: 2 | P38: 2 | Q38: X | R38: X | S38: 1 | T38: 1 | U38: 1 | V38: 1 | W38: 1 | X38: 1 | Y38: X | Z38: X | AA38: 3 | AB38: 3 | AC38: 3 | AD38: 3 | AE38: 3 | AF38: 3
A39: "C" műszak | B39: 1 | C39: 1 | D39: 1 | E39: 1 | F39: 1 | G39: X | H39: X | I39: 3 | J39: 3 | K39: 3 | L39: 3 | M39: 3 | N39: 3 | O39: X | P39: X | Q39: 2 | R39: 2 | S39: 2 | T39: 2 | U39: 2 | V39: 2 | W39: X | X39: X | Y39: 1 | Z39: 1 | AA39: 1 | AB39: 1 | AC39: 1 | AD39: 1 | AE39: X | AF39: X
A40: "D" műszak | B40: 2 | C40: 2 | D40: 2 | E40: X | F40: X | G40: 1 | H40: 1 | I40: 1 | J40: 1 | K40: 1 | L40: 1 | M40: X | N40: X | O40: 3 | P40: 3 | Q40: 3 | R40: 3 | S40: 3 | T40: 3 | U40: X | V40: X | W40: 2 | X40: 2 | Y40: 2 | Z40: 2 | AA40: 2 | AB40: 2 | AC40: X | AD40: X | AE40: 1 | AF40: 1
A43: JÚNIUS | B43: 1 | C43: 2 | D43: 3 | E43: 4 | F43: 5 | G43: 6 | H43: 7 | I43: 8 | J43: 9 | K43: 10 | L43: 11 | M43: 12 | N43: 13 | O43: 14 | P43: 15 | Q43: 16 | R43: 17 | S43: 18 | T43: 19 | U43: 20 | V43: 21 | W43: 22 | X43: 23 | Y43: 24 | Z43: 25 | AA43: 26 | AB43: 27 | AC43: 28 | AD43: 29 | AE43: 30
B44: H | C44: K | D44: Sze | E44: Cs | F44: P | G44: Szo | H44: V | I44: H | J44: K | K44: Sze | L44: Cs | M44: P | N44: Szo | O44: V | P44: H | Q44: K | R44: Sze | S44: Cs | T44: P | U44: Szo | V44: V | W44: H | X44: K | Y44: Sze | Z44: Cs | AA44: P | AB44: Szo | AC44: V | AD44: H | AE44: K
A45: "A" műszak | B45: 2 | C45: 2 | D45: X | E45: X | F45: 1 | G45: 1 | H45: 1 | I45: 1 | J45: 1 | K45: 1 | L45: X | M45: X | N45: 3 | O45: 3 | P45: 3 | Q45: 3 | R45: 3 | S45: 3 | T45: X | U45: X | V45: 2 | W45: 2 | X45: 2 | Y45: 2 | Z45: 2 | AA45: 2 | AB45: X | AC45: X | AD45: 1 | AE45: 1
A46: "B" műszak | B46: X | C46: X | D46: 2 | E46: 2 | F46: 2 | G46: 2 | H46: 2 | I46: 2 | J46: X | K46: X | L46: 1 | M46: 1 | N46: 1 | O46: 1 | P46: 1 | Q46: 1 | R46: X | S46: X | T46: 3 | U46: 3 | V46: 3 | W46: 3 | X46: 3 | Y46: 3 | Z46: X | AA46: X | AB46: 2 | AC46: 2 | AD46: 2 | AE46: 2
A47: "C" műszak | B47: 3 | C47: 3 | D47: 3 | E47: 3 | F47: 3 | G47: 3 | H47: X | I47: X | J47: 2 | K47: 2 | L47: 2 | M47: 2 | N47: 2 | O47: 2 | P47: X | Q47: X | R47: 1 | S47: 1 | T47: 1 | U47: 1 | V47: 1 | W47: 1 | X47: X | Y47: X | Z47: 3 | AA47: 3 | AB47: 3 | AC47: 3 | AD47: 3 | AE47: 3
A48: "D" műszak | B48: 1 | C48: 1 | D48: 1 | E48: 1 | F48: X | G48: X | H48: 3 | I48: 3 | J48: 3 | K48: 3 | L48: 3 | M48: 3 | N48: X | O48: X | P48: 2 | Q48: 2 | R48: 2 | S48: 2 | T48: 2 | U48: 2 | V48: X | W48: X | X48: 1 | Y48: 1 | Z48: 1 | AA48: 1 | AB48: 1 | AC48: 1 | AD48: X | AE48: X
A51: JÚLIUS | B51: 1 | C51: 2 | D51: 3 | E51: 4 | F51: 5 | G51: 6 | H51: 7 | I51: 8 | J51: 9 | K51: 10 | L51: 11 | M51: 12 | N51: 13 | O51: 14 | P51: 15 | Q51: 16 | R51: 17 | S51: 18 | T51: 19 | U51: 20 | V51: 21 | W51: 22 | X51: 23 | Y51: 24 | Z51: 25 | AA51: 26 | AB51: 27 | AC51: 28 | AD51: 29 | AE51: 30 | AF51: 31
B52: Sze | C52: Cs | D52: P | E52: Szo | F52: V | G52: H | H52: K | I52: Sze | J52: Cs | K52: P | L52: Szo | M52: V | N52: H | O52: K | P52: Sze | Q52: Cs | R52: P | S52: Szo | T52: V | U52: H | V52: K | W52: Sze | X52: Cs | Y52: P | Z52: Szo | AA52: V | AB52: H | AC52: K | AD52: Sze | AE52: Cs | AF52: P
A53: "A" műszak | B53: 1 | C53: 1 | D53: 1 | E53: 1 | F53: X | G53: X | H53: 3 | I53: 3 | J53: 3 | K53: 3 | L53: 3 | M53: 3 | N53: X | O53: X | P53: 2 | Q53: 2 | R53: 2 | S53: 2 | T53: 2 | U53: 2 | V53: X | W53: X | X53: 1 | Y53: 1 | Z53: 1 | AA53: 1 | AB53: 1 | AC53: 1 | AD53: X | AE53: X | AF53: 3
A54: "B" műszak | B54: 2 | C54: 2 | D54: X | E54: X | F54: 1 | G54: 1 | H54: 1 | I54: 1 | J54: 1 | K54: 1 | L54: X | M54: X | N54: 3 | O54: 3 | P54: 3 | Q54: 3 | R54: 3 | S54: 3 | T54: X | U54: X | V54: 2 | W54: 2 | X54: 2 | Y54: 2 | Z54: 2 | AA54: 2 | AB54: X | AC54: X | AD54: 1 | AE54: 1 | AF54: 1
A55: "C" műszak | B55: X | C55: X | D55: 2 | E55: 2 | F55: 2 | G55: 2 | H55: 2 | I55: 2 | J55: X | K55: X | L55: 1 | M55: 1 | N55: 1 | O55: 1 | P55: 1 | Q55: 1 | R55: X | S55: X | T55: 3 | U55: 3 | V55: 3 | W55: 3 | X55: 3 | Y55: 3 | Z55: X | AA55: X | AB55: 2 | AC55: 2 | AD55: 2 | AE55: 2 | AF55: 2
A56: "D" műszak | B56: 3 | C56: 3 | D56: 3 | E56: 3 | F56: 3 | G56: 3 | H56: X | I56: X | J56: 2 | K56: 2 | L56: 2 | M56: 2 | N56: 2 | O56: 2 | P56: X | Q56: X | R56: 1 | S56: 1 | T56: 1 | U56: 1 | V56: 1 | W56: 1 | X56: X | Y56: X | Z56: 3 | AA56: 3 | AB56: 3 | AC56: 3 | AD56: 3 | AE56: 3 | AF56: X
A59: AUGUSZTUS | B59: 1 | C59: 2 | D59: 3 | E59: 4 | F59: 5 | G59: 6 | H59: 7 | I59: 8 | J59: 9 | K59: 10 | L59: 11 | M59: 12 | N59: 13 | O59: 14 | P59: 15 | Q59: 16 | R59: 17 | S59: 18 | T59: 19 | U59: 20 | V59: 21 | W59: 22 | X59: 23 | Y59: 24 | Z59: 25 | AA59: 26 | AB59: 27 | AC59: 28 | AD59: 29 | AE59: 30 | AF59: 31
B60: Szo | C60: V | D60: H | E60: K | F60: Sze | G60: Cs | H60: P | I60: Szo | J60: V | K60: H | L60: K | M60: Sze | N60: Cs | O60: P | P60: Szo | Q60: V | R60: H | S60: K | T60: Sze | U60: Cs | V60: P | W60: Szo | X60: V | Y60: H | Z60: K | AA60: Sze | AB60: Cs | AC60: P | AD60: Szo | AE60: V | AF60: H
A61: "A" műszak | B61: 3 | C61: 3 | D61: 3 | E61: 3 | F61: 3 | G61: X | H61: X | I61: 2 | J61: 2 | K61: 2 | L61: 2 | M61: 2 | N61: 2 | O61: X | P61: X | Q61: 1 | R61: 1 | S61: 1 | T61: 1 | U61: 1 | V61: 1 | W61: X | X61: X | Y61: 3 | Z61: 3 | AA61: 3 | AB61: 3 | AC61: 3 | AD61: 3 | AE61: X | AF61: X
A62: "B" műszak | B62: 1 | C62: 1 | D62: 1 | E62: X | F62: X | G62: 3 | H62: 3 | I62: 3 | J62: 3 | K62: 3 | L62: 3 | M62: X | N62: X | O62: 2 | P62: 2 | Q62: 2 | R62: 2 | S62: 2 | T62: 2 | U62: X | V62: X | W62: 1 | X62: 1 | Y62: 1 | Z62: 1 | AA62: 1 | AB62: 1 | AC62: X | AD62: X | AE62: 3 | AF62: 3
A63: "C" műszak | B63: 2 | C63: X | D63: X | E63: 1 | F63: 1 | G63: 1 | H63: 1 | I63: 1 | J63: 1 | K63: X | L63: X | M63: 3 | N63: 3 | O63: 3 | P63: 3 | Q63: 3 | R63: 3 | S63: X | T63: X | U63: 2 | V63: 2 | W63: 2 | X63: 2 | Y63: 2 | Z63: 2 | AA63: X | AB63: X | AC63: 1 | AD63: 1 | AE63: 1 | AF63: 1
A64: "D" műszak | B64: X | C64: 2 | D64: 2 | E64: 2 | F64: 2 | G64: 2 | H64: 2 | I64: X | J64: X | K64: 1 | L64: 1 | M64: 1 | N64: 1 | O64: 1 | P64: 1 | Q64: X | R64: X | S64: 3 | T64: 3 | U64: 3 | V64: 3 | W64: 3 | X64: 3 | Y64: X | Z64: X | AA64: 2 | AB64: 2 | AC64: 2 | AD64: 2 | AE64: 2 | AF64: 2
A67: SZEPTEMBER | B67: 1 | C67: 2 | D67: 3 | E67: 4 | F67: 5 | G67: 6 | H67: 7 | I67: 8 | J67: 9 | K67: 10 | L67: 11 | M67: 12 | N67: 13 | O67: 14 | P67: 15 | Q67: 16 | R67: 17 | S67: 18 | T67: 19 | U67: 20 | V67: 21 | W67: 22 | X67: 23 | Y67: 24 | Z67: 25 | AA67: 26 | AB67: 27 | AC67: 28 | AD67: 29 | AE67: 30
B68: K | C68: Sze | D68: Cs | E68: P | F68: Szo | G68: V | H68: H | I68: K | J68: Sze | K68: Cs | L68: P | M68: Szo | N68: V | O68: H | P68: K | Q68: Sze | R68: Cs | S68: P | T68: Szo | U68: V | V68: H | W68: K | X68: Sze | Y68: Cs | Z68: P | AA68: Szo | AB68: V | AC68: H | AD68: K | AE68: Sze
A69: "A" műszak | B69: 2 | C69: 2 | D69: 2 | E69: 2 | F69: 2 | G69: 2 | H69: X | I69: X | J69: 1 | K69: 1 | L69: 1 | M69: 1 | N69: 1 | O69: 1 | P69: X | Q69: X | R69: 3 | S69: 3 | T69: 3 | U69: 3 | V69: 3 | W69: 3 | X69: X | Y69: X | Z69: 2 | AA69: 2 | AB69: 2 | AC69: 2 | AD69: 2 | AE69: 2
A70: "B" műszak | B70: 3 | C70: 3 | D70: 3 | E70: 3 | F70: X | G70: X | H70: 2 | I70: 2 | J70: 2 | K70: 2 | L70: 2 | M70: 2 | N70: X | O70: X | P70: 1 | Q70: 1 | R70: 1 | S70: 1 | T70: 1 | U70: 1 | V70: X | W70: X | X70: 3 | Y70: 3 | Z70: 3 | AA70: 3 | AB70: 3 | AC70: 3 | AD70: X | AE70: X
A71: "C" műszak | B71: 1 | C71: 1 | D71: X | E71: X | F71: 3 | G71: 3 | H71: 3 | I71: 3 | J71: 3 | K71: 3 | L71: X | M71: X | N71: 2 | O71: 2 | P71: 2 | Q71: 2 | R71: 2 | S71: 2 | T71: X | U71: X | V71: 1 | W71: 1 | X71: 1 | Y71: 1 | Z71: 1 | AA71: 1 | AB71: X | AC71: X | AD71: 3 | AE71: 3
A72: "D" műszak | B72: X | C72: X | D72: 1 | E72: 1 | F72: 1 | G72: 1 | H72: 1 | I72: 1 | J72: X | K72: X | L72: 3 | M72: 3 | N72: 3 | O72: 3 | P72: 3 | Q72: 3 | R72: X | S72: X | T72: 2 | U72: 2 | V72: 2 | W72: 2 | X72: 2 | Y72: 2 | Z72: X | AA72: X | AB72: 1 | AC72: 1 | AD72: 1 | AE72: 1
A75: OKTÓBER | B75: 1 | C75: 2 | D75: 3 | E75: 4 | F75: 5 | G75: 6 | H75: 7 | I75: 8 | J75: 9 | K75: 10 | L75: 11 | M75: 12 | N75: 13 | O75: 14 | P75: 15 | Q75: 16 | R75: 17 | S75: 18 | T75: 19 | U75: 20 | V75: 21 | W75: 22 | X75: 23 | Y75: 24 | Z75: 25 | AA75: 26 | AB75: 27 | AC75: 28 | AD75: 29 | AE75: 30 | AF75: 31
B76: Cs | C76: P | D76: Szo | E76: V | F76: H | G76: K | H76: Sze | I76: Cs | J76: P | K76: Szo | L76: V | M76: H | N76: K | O76: Sze | P76: Cs | Q76: P | R76: Szo | S76: V | T76: H | U76: K | V76: Sze | W76: Cs | X76: P | Y76: Szo | Z76: V | AA76: H | AB76: K | AC76: Sze | AD76: Cs | AE76: P | AF76: Szo
A77: "A" műszak | B77: X | C77: X | D77: 1 | E77: 1 | F77: 1 | G77: 1 | H77: 1 | I77: 1 | J77: X | K77: X | L77: 3 | M77: 3 | N77: 3 | O77: 3 | P77: 3 | Q77: 3 | R77: X | S77: X | T77: 2 | U77: 2 | V77: 2 | W77: 2 | X77: 2 | Y77: 2 | Z77: X | AA77: X | AB77: 1 | AC77: 1 | AD77: 1 | AE77: 1 | AF77: 1
A78: "B" műszak | B78: 2 | C78: 2 | D78: 2 | E78: 2 | F78: 2 | G78: 2 | H78: X | I78: X | J78: 1 | K78: 1 | L78: 1 | M78: 1 | N78: 1 | O78: 1 | P78: X | Q78: X | R78: 3 | S78: 3 | T78: 3 | U78: 3 | V78: 3 | W78: 3 | X78: X | Y78: X | Z78: 2 | AA78: 2 | AB78: 2 | AC78: 2 | AD78: 2 | AE78: 2 | AF78: X
A79: "C" műszak | B79: 3 | C79: 3 | D79: 3 | E79: 3 | F79: X | G79: X | H79: 2 | I79: 2 | J79: 2 | K79: 2 | L79: 2 | M79: 2 | N79: X | O79: X | P79: 1 | Q79: 1 | R79: 1 | S79: 1 | T79: 1 | U79: 1 | V79: X | W79: X | X79: 3 | Y79: 3 | Z79: 3 | AA79: 3 | AB79: 3 | AC79: 3 | AD79: X | AE79: X | AF79: 2
A80: "D" műszak | B80: 1 | C80: 1 | D80: X | E80: X | F80: 3 | G80: 3 | H80: 3 | I80: 3 | J80: 3 | K80: 3 | L80: X | M80: X | N80: 2 | O80: 2 | P80: 2 | Q80: 2 | R80: 2 | S80: 2 | T80: X | U80: X | V80: 1 | W80: 1 | X80: 1 | Y80: 1 | Z80: 1 | AA80: 1 | AB80: X | AC80: X | AD80: 3 | AE80: 3 | AF80: 3
A83: NOVEMBER | B83: 1 | C83: 2 | D83: 3 | E83: 4 | F83: 5 | G83: 6 | H83: 7 | I83: 8 | J83: 9 | K83: 10 | L83: 11 | M83: 12 | N83: 13 | O83: 14 | P83: 15 | Q83: 16 | R83: 17 | S83: 18 | T83: 19 | U83: 20 | V83: 21 | W83: 22 | X83: 23 | Y83: 24 | Z83: 25 | AA83: 26 | AB83: 27 | AC83: 28 | AD83: 29 | AE83: 30
B84: V | C84: H | D84: K | E84: Sze | F84: Cs | G84: P | H84: Szo | I84: V | J84: H | K84: K | L84: Sze | M84: Cs | N84: P | O84: Szo | P84: V | Q84: H | R84: K | S84: Sze | T84: Cs | U84: P | V84: Szo | W84: V | X84: H | Y84: K | Z84: Sze | AA84: Cs | AB84: P | AC84: Szo | AD84: V | AE84: H
A85: "A" műszak | B85: 1 | C85: X | D85: X | E85: 3 | F85: 3 | G85: 3 | H85: 3 | I85: 3 | J85: 3 | K85: X | L85: X | M85: 2 | N85: 2 | O85: 2 | P85: 2 | Q85: 2 | R85: 2 | S85: X | T85: X | U85: 1 | V85: 1 | W85: 1 | X85: 1 | Y85: 1 | Z85: 1 | AA85: X | AB85: X | AC85: 3 | AD85: 3 | AE85: 3
A86: "B" műszak | B86: X | C86: 1 | D86: 1 | E86: 1 | F86: 1 | G86: 1 | H86: 1 | I86: X | J86: X | K86: 3 | L86: 3 | M86: 3 | N86: 3 | O86: 3 | P86: 3 | Q86: X | R86: X | S86: 2 | T86: 2 | U86: 2 | V86: 2 | W86: 2 | X86: 2 | Y86: X | Z86: X | AA86: 1 | AB86: 1 | AC86: 1 | AD86: 1 | AE86: 1
A87: "C" műszak | B87: 2 | C87: 2 | D87: 2 | E87: 2 | F87: 2 | G87: X | H87: X | I87: 1 | J87: 1 | K87: 1 | L87: 1 | M87: 1 | N87: 1 | O87: X | P87: X | Q87: 3 | R87: 3 | S87: 3 | T87: 3 | U87: 3 | V87: 3 | W87: X | X87: X | Y87: 2 | Z87: 2 | AA87: 2 | AB87: 2 | AC87: 2 | AD87: 2 | AE87: X
A88: "D" műszak | B88: 3 | C88: 3 | D88: 3 | E88: X | F88: X | G88: 2 | H88: 2 | I88: 2 | J88: 2 | K88: 2 | L88: 2 | M88: X | N88: X | O88: 1 | P88: 1 | Q88: 1 | R88: 1 | S88: 1 | T88: 1 | U88: X | V88: X | W88: 3 | X88: 3 | Y88: 3 | Z88: 3 | AA88: 3 | AB88: 3 | AC88: X | AD88: X | AE88: 2
A91: DECEMBER | B91: 1 | C91: 2 | D91: 3 | E91: 4 | F91: 5 | G91: 6 | H91: 7 | I91: 8 | J91: 9 | K91: 10 | L91: 11 | M91: 12 | N91: 13 | O91: 14 | P91: 15 | Q91: 16 | R91: 17 | S91: 18 | T91: 19 | U91: 20 | V91: 21 | W91: 22 | X91: 23 | Y91: 24 | Z91: 25 | AA91: 26 | AB91: 27 | AC91: 28 | AD91: 29 | AE91: 30 | AF91: 31
B92: K | C92: Sze | D92: Cs | E92: P | F92: Szo | G92: V | H92: H | I92: K | J92: Sze | K92: Cs | L92: P | M92: Szo | N92: V | O92: H | P92: K | Q92: Sze | R92: Cs | S92: P | T92: Szo | U92: V | V92: H | W92: K | X92: Sze | Y92: Cs | Z92: P | AA92: Szo | AB92: V | AC92: H | AD92: K | AE92: Sze | AF92: Cs
A93: "A" műszak | B93: 3 | C93: 3 | D93: 3 | E93: X | F93: X | G93: 2 | H93: 2 | I93: 2 | J93: 2 | K93: 2 | L93: 2 | M93: X | N93: X | O93: 1 | P93: 1 | Q93: 1 | R93: 1 | S93: 1 | T93: 1 | U93: X | V93: X | W93: 3 | X93: 3 | Y93: 3 | Z93: 3 | AA93: 3 | AB93: 3 | AC93: X | AD93: X | AE93: 2 | AF93: 2
A94: "B" műszak | B94: 1 | C94: X | D94: X | E94: 3 | F94: 3 | G94: 3 | H94: 3 | I94: 3 | J94: 3 | K94: X | L94: X | M94: 2 | N94: 2 | O94: 2 | P94: 2 | Q94: 2 | R94: 2 | S94: X | T94: X | U94: 1 | V94: 1 | W94: 1 | X94: 1 | Y94: 1 | Z94: 1 | AA94: X | AB94: X | AC94: 3 | AD94: 3 | AE94: 3 | AF94: 3
A95: "C" műszak | B95: X | C95: 1 | D95: 1 | E95: 1 | F95: 1 | G95: 1 | H95: 1 | I95: X | J95: X | K95: 3 | L95: 3 | M95: 3 | N95: 3 | O95: 3 | P95: 3 | Q95: X | R95: X | S95: 2 | T95: 2 | U95: 2 | V95: 2 | W95: 2 | X95: 2 | Y95: X | Z95: X | AA95: 1 | AB95: 1 | AC95: 1 | AD95: 1 | AE95: 1 | AF95: 1
A96: "D" műszak | B96: 2 | C96: 2 | D96: 2 | E96: 2 | F96: 2 | G96: X | H96: X | I96: 1 | J96: 1 | K96: 1 | L96: 1 | M96: 1 | N96: 1 | O96: X | P96: X | Q96: 3 | R96: 3 | S96: 3 | T96: 3 | U96: 3 | V96: 3 | W96: X | X96: X | Y96: 2 | Z96: 2 | AA96: 2 | AB96: 2 | AC96: 2 | AD96: 2 | AE96: X | AF96: X

Sheet ÖSSZES
A1: N é v | B1: Áth. | C1: 2020 | D1: Gye-rek | E1: Össz. | F1: I. | G1: II. | H1: III. | I1: IV. | J1: V. | K1: VI. | L1: VII | M1: VIII | N1: IX | O1: X | P1: XI | Q1: XII | R1: Szf | S1: M. | U1: I. | V1: II | W1: III | X1: IV | Y1: V | Z1: VI | AA1: VII | AB1: VIII | AC1: IX | AD1: X | AE1: XI | AF1: XII | AG1: + | AH1: M.
F2: szf | G2: szf | H2: szf | I2: szf | J2: szf | K2: szf | L2: szf | M2: szf | N2: szf | O2: szf | P2: szf | Q2: szf | S2: szf | U2: + | V2: + | W2: + | X2: + | Y2: + | Z2: + | AA2: + | AB2: + | AC2: + | AD2: + | AE2: + | AF2: + | AH2: +
A3: Csuka Lajos | C3: 30 | E3: =SUM(B3:D3) -> 30 | F3: =A!AI4 -> 1 | G3: =A!AI28 -> 1 | H3: =A!AI52 -> 3 | I3: =A!AI76 -> 1 | J3: =A!AI100 -> 0 | K3: =A!AI124 -> 0 | L3: =A!AI148 -> 0 | M3: =A!AI172 -> 0 | N3: =A!AI196 -> 0 | O3: =A!AI220 -> 0 | P3: =A!AI244 -> 0 | Q3: =A!AI268 -> 0 | R3: =SUM(F3+G3+H3+I3+J3+K3+L3+M3+N3+O3+P3+Q3) -> 6 | S3: =SUM(E3-R3) -> 24 | U3: =A!AH4 -> 1 | V3: =A!AH28 -> 1 | W3: =A!AH52 -> 2 | X3: =A!AH76 -> 1 | Y3: =A!AH100 -> 0 | Z3: =A!AH124 -> 0 | AA3: =A!AH148 -> 0 | AB3: =A!AH172 -> 0 | AC3: =A!AH196 -> 0 | AD3: =A!AH220 -> 0 | AE3: =A!AH244 -> 0 | AF3: =A!AH268 -> 0 | AG3: =SUM(U3+V3+W3+X3+Y3+Z3+AA3+AB3+AC3+AD3+AE3+AF3) -> 5 | AH3: =SUM(16-AG3) -> 11
A4: Batiz Attila | C4: 25 | E4: =SUM(B4:D4) -> 25 | F4: =A!AI5 -> 0 | G4: =A!AI29 -> 0 | H4: =A!AI53 -> 0 | I4: =A!AI77 -> 0 | J4: =A!AI101 -> 0 | K4: =A!AI125 -> 0 | L4: =A!AI149 -> 0 | M4: =A!AI173 -> 0 | N4: =A!AI197 -> 0 | O4: =A!AI221 -> 0 | P4: =A!AI245 -> 0 | Q4: =A!AI269 -> 0 | R4: =SUM(F4+G4+H4+I4+J4+K4+L4+M4+N4+O4+P4+Q4) -> 0 | S4: =SUM(E4-R4) -> 25 | U4: =A!AH5 -> 1 | V4: =A!AH29 -> 2 | W4: =A!AH53 -> 0 | X4: =A!AH77 -> 2 | Y4: =A!AH101 -> 0 | Z4: =A!AH125 -> 0 | AA4: =A!AH149 -> 0 | AB4: =A!AH173 -> 0 | AC4: =A!AH197 -> 0 | AD4: =A!AH221 -> 0 | AE4: =A!AH245 -> 0 | AF4: =A!AH269 -> 0 | AG4: =SUM(U4+V4+W4+X4+Y4+Z4+AA4+AB4+AC4+AD4+AE4+AF4) -> 5 | AH4: =SUM(16-AG4) -> 11
A5: Mizsák Péter | B5: 1 | C5: 21 | E5: =SUM(B5:D5) -> 22 | F5: =A!AI6 -> 1 | G5: =A!AI30 -> 0 | H5: =A!AI54 -> 0 | I5: =A!AI78 -> 1 | J5: =A!AI102 -> 0 | K5: =A!AI126 -> 0 | L5: =A!AI150 -> 0 | M5: =A!AI174 -> 0 | N5: =A!AI198 -> 0 | O5: =A!AI222 -> 0 | P5: =A!AI246 -> 0 | Q5: =A!AI270 -> 0 | R5: =SUM(F5+G5+H5+I5+J5+K5+L5+M5+N5+O5+P5+Q5) -> 2 | S5: =SUM(E5-R5) -> 20 | U5: =A!AH6 -> 1 | V5: =A!AH30 -> 0 | W5: =A!AH54 -> 1 | X5: =A!AH78 -> 2 | Y5: =A!AH102 -> 0 | Z5: =A!AH126 -> 0 | AA5: =A!AH150 -> 0 | AB5: =A!AH174 -> 0 | AC5: =A!AH198 -> 0 | AD5: =A!AH222 -> 0 | AE5: =A!AH246 -> 0 | AF5: =A!AH270 -> 0 | AG5: =SUM(U5+V5+W5+X5+Y5+Z5+AA5+AB5+AC5+AD5+AE5+AF5) -> 4 | AH5: =SUM(16-AG5) -> 12
A6: Füredi Antal | C6: 25 | D6: 4 | E6: =SUM(B6:D6) -> 29 | F6: =A!AI7 -> 0 | G6: =A!AI31 -> 1 | H6: =A!AI55 -> 0 | I6: =A!AI79 -> 0 | J6: =A!AI103 -> 3 | K6: =A!AI127 -> 0 | L6: =A!AI151 -> 0 | M6: =A!AI175 -> 0 | N6: =A!AI199 -> 0 | O6: =A!AI223 -> 0 | P6: =A!AI247 -> 0 | Q6: =A!AI271 -> 0 | R6: =SUM(F6+G6+H6+I6+J6+K6+L6+M6+N6+O6+P6+Q6) -> 4 | S6: =SUM(E6-R6) -> 25 | U6: =A!AH7 -> 0 | V6: =A!AH31 -> 1 | W6: =A!AH55 -> 0 | X6: =A!AH79 -> 0 | Y6: =A!AH103 -> 3 | Z6: =A!AH127 -> 0 | AA6: =A!AH151 -> 0 | AB6: =A!AH175 -> 0 | AC6: =A!AH199 -> 0 | AD6: =A!AH223 -> 0 | AE6: =A!AH247 -> 0 | AF6: =A!AH271 -> 0 | AG6: =SUM(U6+V6+W6+X6+Y6+Z6+AA6+AB6+AC6+AD6+AE6+AF6) -> 4 | AH6: =SUM(16-AG6) -> 12
A7: Iványi István | C7: 23 | E7: =SUM(B7:D7) -> 23 | F7: =A!AI8 -> 1 | G7: =A!AI32 -> 3 | H7: =A!AI56 -> 2 | I7: =A!AI80 -> 0 | J7: =A!AI104 -> 1 | K7: =A!AI128 -> 0 | L7: =A!AI152 -> 0 | M7: =A!AI176 -> 0 | N7: =A!AI200 -> 0 | O7: =A!AI224 -> 0 | P7: =A!AI248 -> 0 | Q7: =A!AI272 -> 0 | R7: =SUM(F7+G7+H7+I7+J7+K7+L7+M7+N7+O7+P7+Q7) -> 7 | S7: =SUM(E7-R7) -> 16 | U7: =A!AH8 -> 1 | V7: =A!AH32 -> 1 | W7: =A!AH56 -> 1 | X7: =A!AH80 -> 0 | Y7: =A!AH104 -> 1 | Z7: =A!AH128 -> 0 | AA7: =A!AH152 -> 0 | AB7: =A!AH176 -> 0 | AC7: =A!AH200 -> 0 | AD7: =A!AH224 -> 0 | AE7: =A!AH248 -> 0 | AF7: =A!AH272 -> 0 | AG7: =SUM(U7+V7+W7+X7+Y7+Z7+AA7+AB7+AC7+AD7+AE7+AF7) -> 4 | AH7: =SUM(16-AG7) -> 12
A8: Katonka Tibor | C8: 25 | E8: =SUM(B8:D8) -> 25 | F8: =A!AI9 -> 0 | G8: =A!AI33 -> 0 | H8: =A!AI57 -> 0 | I8: =A!AI81 -> 1 | J8: =A!AI105 -> 1 | K8: =A!AI129 -> 0 | L8: =A!AI153 -> 0 | M8: =A!AI177 -> 0 | N8: =A!AI201 -> 0 | O8: =A!AI225 -> 0 | P8: =A!AI249 -> 0 | Q8: =A!AI273 -> 0 | R8: =SUM(F8+G8+H8+I8+J8+K8+L8+M8+N8+O8+P8+Q8) -> 2 | S8: =SUM(E8-R8) -> 23 | U8: =A!AH9 -> 1 | V8: =A!AH33 -> 1 | W8: =A!AH57 -> 0 | X8: =A!AH81 -> 2 | Y8: =A!AH105 -> 0 | Z8: =A!AH129 -> 0 | AA8: =A!AH153 -> 0 | AB8: =A!AH177 -> 0 | AC8: =A!AH201 -> 0 | AD8: =A!AH225 -> 0 | AE8: =A!AH249 -> 0 | AF8: =A!AH273 -> 0 | AG8: =SUM(U8+V8+W8+X8+Y8+Z8+AA8+AB8+AC8+AD8+AE8+AF8) -> 4 | AH8: =SUM(16-AG8) -> 12
A9: Kiss János Tamás | C9: 30 | E9: =SUM(B9:D9) -> 30 | F9: =A!AI10 -> 0 | G9: =A!AI34 -> 0 | H9: =A!AI58 -> 0 | I9: =A!AI82 -> 0 | J9: =A!AI106 -> 0 | K9: =A!AI130 -> 0 | L9: =A!AI154 -> 0 | M9: =A!AI178 -> 0 | N9: =A!AI202 -> 0 | O9: =A!AI226 -> 0 | P9: =A!AI250 -> 0 | Q9: =A!AI274 -> 0 | R9: =SUM(F9+G9+H9+I9+J9+K9+L9+M9+N9+O9+P9+Q9) -> 0 | S9: =SUM(E9-R9) -> 30 | U9: =A!AH10 -> 1 | V9: =A!AH34 -> 1 | W9: =A!AH58 -> 0 | X9: =A!AH82 -> 0 | Y9: =A!AH106 -> 0 | Z9: =A!AH130 -> 0 | AA9: =A!AH154 -> 0 | AB9: =A!AH178 -> 0 | AC9: =A!AH202 -> 0 | AD9: =A!AH226 -> 0 | AE9: =A!AH250 -> 0 | AF9: =A!AH274 -> 0 | AG9: =SUM(U9+V9+W9+X9+Y9+Z9+AA9+AB9+AC9+AD9+AE9+AF9) -> 2 | AH9: =SUM(16-AG9) -> 14
A10: Vatamány Gergő | C10: 21 | E10: =SUM(B10:D10) -> 21 | F10: =A!AI11 -> 0 | G10: =A!AI35 -> 0 | H10: =A!AI59 -> 0 | I10: =A!AI83 -> 0 | J10: =A!AI107 -> 0 | K10: =A!AI131 -> 0 | L10: =A!AI155 -> 0 | M10: =A!AI179 -> 0 | N10: =A!AI203 -> 0 | O10: =A!AI227 -> 0 | P10: =A!AI251 -> 0 | Q10: =A!AI275 -> 0 | R10: =SUM(F10+G10+H10+I10+J10+K10+L10+M10+N10+O10+P10+Q10) -> 0 | S10: =SUM(E10-R10) -> 21 | U10: =A!AH11 -> 0 | V10: =A!AH35 -> 0 | W10: =A!AH59 -> 3 | X10: =A!AH83 -> 0 | Y10: =A!AH107 -> 0 | Z10: =A!AH131 -> 0 | AA10: =A!AH155 -> 0 | AB10: =A!AH179 -> 0 | AC10: =A!AH203 -> 0 | AD10: =A!AH227 -> 0 | AE10: =A!AH251 -> 0 | AF10: =A!AH275 -> 0 | AG10: =SUM(U10+V10+W10+X10+Y10+Z10+AA10+AB10+AC10+AD10+AE10+AF10) -> 3 | AH10: =SUM(16-AG10) -> 13
A11: Név9 | E11: =SUM(B11:D11) -> 0 | F11: =A!AI12 -> 0 | G11: =A!AI36 -> 0 | H11: =A!AI60 -> 0 | I11: =A!AI84 -> 0 | J11: =A!AI108 -> 0 | K11: =A!AI132 -> 0 | L11: =A!AI156 -> 0 | M11: =A!AI180 -> 0 | N11: =A!AI204 -> 0 | O11: =A!AI228 -> 0 | P11: =A!AI252 -> 0 | Q11: =A!AI276 -> 0 | R11: =SUM(F11+G11+H11+I11+J11+K11+L11+M11+N11+O11+P11+Q11) -> 0 | S11: =SUM(E11-R11) -> 0 | U11: =A!AH12 -> 0 | V11: =A!AH36 -> 0 | W11: =A!AH60 -> 0 | X11: =A!AH84 -> 0 | Y11: =A!AH108 -> 0 | Z11: =A!AH132 -> 0 | AA11: =A!AH156 -> 0 | AB11: =A!AH180 -> 0 | AC11: =A!AH204 -> 0 | AD11: =A!AH228 -> 0 | AE11: =A!AH252 -> 0 | AF11: =A!AH276 -> 0 | AG11: =SUM(U11+V11+W11+X11+Y11+Z11+AA11+AB11+AC11+AD11+AE11+AF11) -> 0 | AH11: =SUM(13-AG11) -> 13
A12: Név10 | E12: =SUM(B12:D12) -> 0 | F12: =A!AI13 -> 0 | G12: =A!AI37 -> 0 | H12: =A!AI61 -> 0 | I12: =A!AI85 -> 0 | J12: =A!AI109 -> 0 | K12: =A!AI133 -> 0 | L12: =A!AI157 -> 0 | M12: =A!AI181 -> 0 | N12: =A!AI205 -> 0 | O12: =A!AI229 -> 0 | P12: =A!AI253 -> 0 | Q12: =A!AI277 -> 0 | R12: =SUM(F12+G12+H12+I12+J12+K12+L12+M12+N12+O12+P12+Q12) -> 0 | S12: =SUM(E12-R12) -> 0 | U12: =A!AH13 -> 0 | V12: =A!AH37 -> 0 | W12: =A!AH61 -> 0 | X12: =A!AH85 -> 0 | Y12: =A!AH109 -> 0 | Z12: =A!AH133 -> 0 | AA12: =A!AH157 -> 0 | AB12: =A!AH181 -> 0 | AC12: =A!AH205 -> 0 | AD12: =A!AH229 -> 0 | AE12: =A!AH253 -> 0 | AF12: =A!AH277 -> 0 | AG12: =SUM(U12+V12+W12+X12+Y12+Z12+AA12+AB12+AC12+AD12+AE12+AF12) -> 0 | AH12: =SUM(13-AG12) -> 13
A13: Név11 | E13: =SUM(B13:D13) -> 0 | F13: =A!AI14 -> 0 | G13: =A!AI38 -> 0 | H13: =A!AI62 -> 0 | I13: =A!AI86 -> 0 | J13: =A!AI110 -> 0 | K13: =A!AI134 -> 0 | L13: =A!AI158 -> 0 | M13: =A!AI182 -> 0 | N13: =A!AI206 -> 0 | O13: =A!AI230 -> 0 | P13: =A!AI254 -> 0 | Q13: =A!AI278 -> 0 | R13: =SUM(F13+G13+H13+I13+J13+K13+L13+M13+N13+O13+P13+Q13) -> 0 | S13: =SUM(E13-R13) -> 0 | U13: =A!AH14 -> 0 | V13: =A!AH38 -> 0 | W13: =A!AH62 -> 0 | X13: =A!AH86 -> 0 | Y13: =A!AH110 -> 0 | Z13: =A!AH134 -> 0 | AA13: =A!AH158 -> 0 | AB13: =A!AH182 -> 0 | AC13: =A!AH206 -> 0 | AD13: =A!AH230 -> 0 | AE13: =A!AH254 -> 0 | AF13: =A!AH278 -> 0 | AG13: =SUM(U13+V13+W13+X13+Y13+Z13+AA13+AB13+AC13+AD13+AE13+AF13) -> 0 | AH13: =SUM(13-AG13) -> 13
A14: Név12 | E14: =SUM(B14:D14) -> 0 | F14: =A!AI15 -> 0 | G14: =A!AI39 -> 0 | H14: =A!AI63 -> 0 | I14: =A!AI87 -> 0 | J14: =A!AI111 -> 0 | K14: =A!AI135 -> 0 | L14: =A!AI159 -> 0 | M14: =A!AI183 -> 0 | N14: =A!AI207 -> 0 | O14: =A!AI231 -> 0 | P14: =A!AI255 -> 0 | Q14: =A!AI279 -> 0 | R14: =SUM(F14+G14+H14+I14+J14+K14+L14+M14+N14+O14+P14+Q14) -> 0 | S14: =SUM(E14-R14) -> 0 | U14: =A!AH15 -> 0 | V14: =A!AH39 -> 0 | W14: =A!AH63 -> 0 | X14: =A!AH87 -> 0 | Y14: =A!AH111 -> 0 | Z14: =A!AH135 -> 0 | AA14: =A!AH159 -> 0 | AB14: =A!AH183 -> 0 | AC14: =A!AH207 -> 0 | AD14: =A!AH231 -> 0 | AE14: =A!AH255 -> 0 | AF14: =A!AH279 -> 0 | AG14: =SUM(U14+V14+W14+X14+Y14+Z14+AA14+AB14+AC14+AD14+AE14+AF14) -> 0 | AH14: =SUM(13-AG14) -> 13
A15: Név13 | E15: =SUM(B15:D15) -> 0 | F15: =A!AI16 -> 0 | G15: =A!AI40 -> 0 | H15: =A!AI64 -> 0 | I15: =A!AI88 -> 0 | J15: =A!AI112 -> 0 | K15: =A!AI136 -> 0 | L15: =A!AI160 -> 0 | M15: =A!AI184 -> 0 | N15: =A!AI208 -> 0 | O15: =A!AI232 -> 0 | P15: =A!AI256 -> 0 | Q15: =A!AI280 -> 0 | R15: =SUM(F15+G15+H15+I15+J15+K15+L15+M15+N15+O15+P15+Q15) -> 0 | S15: =SUM(E15-R15) -> 0 | U15: =A!AH16 -> 0 | V15: =A!AH40 -> 0 | W15: =A!AH64 -> 0 | X15: =A!AH88 -> 0 | Y15: =A!AH112 -> 0 | Z15: =A!AH136 -> 0 | AA15: =A!AH160 -> 0 | AB15: =A!AH184 -> 0 | AC15: =A!AH208 -> 0 | AD15: =A!AH232 -> 0 | AE15: =A!AH256 -> 0 | AF15: =A!AH280 -> 0 | AG15: =SUM(U15+V15+W15+X15+Y15+Z15+AA15+AB15+AC15+AD15+AE15+AF15) -> 0 | AH15: =SUM(13-AG15) -> 13
A16: Név14 | E16: =SUM(B16:D16) -> 0 | F16: =A!AI17 -> 0 | G16: =A!AI41 -> 0 | H16: =A!AI65 -> 0 | I16: =A!AI89 -> 0 | J16: =A!AI113 -> 0 | K16: =A!AI137 -> 0 | L16: =A!AI161 -> 0 | M16: =A!AI185 -> 0 | N16: =A!AI209 -> 0 | O16: =A!AI233 -> 0 | P16: =A!AI257 -> 0 | Q16: =A!AI281 -> 0 | R16: =SUM(F16+G16+H16+I16+J16+K16+L16+M16+N16+O16+P16+Q16) -> 0 | S16: =SUM(E16-R16) -> 0 | U16: =A!AH17 -> 0 | V16: =A!AH41 -> 0 | W16: =A!AH65 -> 0 | X16: =A!AH89 -> 0 | Y16: =A!AH113 -> 0 | Z16: =A!AH137 -> 0 | AA16: =A!AH161 -> 0 | AB16: =A!AH185 -> 0 | AC16: =A!AH209 -> 0 | AD16: =A!AH233 -> 0 | AE16: =A!AH257 -> 0 | AF16: =A!AH281 -> 0 | AG16: =SUM(U16+V16+W16+X16+Y16+Z16+AA16+AB16+AC16+AD16+AE16+AF16) -> 0 | AH16: =SUM(13-AG16) -> 13
A17: Név15 | E17: =SUM(B17:D17) -> 0 | F17: =A!AI18 -> 0 | G17: =A!AI42 -> 0 | H17: =A!AI66 -> 0 | I17: =A!AI90 -> 0 | J17: =A!AI114 -> 0 | K17: =A!AI138 -> 0 | L17: =A!AI162 -> 0 | M17: =A!AI186 -> 0 | N17: =A!AI210 -> 0 | O17: =A!AI234 -> 0 | P17: =A!AI258 -> 0 | Q17: =A!AI282 -> 0 | R17: =SUM(F17+G17+H17+I17+J17+K17+L17+M17+N17+O17+P17+Q17) -> 0 | S17: =SUM(E17-R17) -> 0 | U17: =A!AH18 -> 0 | V17: =A!AH42 -> 0 | W17: =A!AH66 -> 0 | X17: =A!AH90 -> 0 | Y17: =A!AH114 -> 0 | Z17: =A!AH138 -> 0 | AA17: =A!AH162 -> 0 | AB17: =A!AH186 -> 0 | AC17: =A!AH210 -> 0 | AD17: =A!AH234 -> 0 | AE17: =A!AH258 -> 0 | AF17: =A!AH282 -> 0 | AG17: =SUM(U17+V17+W17+X17+Y17+Z17+AA17+AB17+AC17+AD17+AE17+AF17) -> 0 | AH17: =SUM(13-AG17) -> 13
A18: Név16 | E18: =SUM(B18:D18) -> 0 | F18: =A!AI19 -> 0 | G18: =A!AI43 -> 0 | H18: =A!AI67 -> 0 | I18: =A!AI91 -> 0 | J18: =A!AI115 -> 0 | K18: =A!AI139 -> 0 | L18: =A!AI163 -> 0 | M18: =A!AI187 -> 0 | N18: =A!AI211 -> 0 | O18: =A!AI235 -> 0 | P18: =A!AI259 -> 0 | Q18: =A!AI283 -> 0 | R18: =SUM(F18+G18+H18+I18+J18+K18+L18+M18+N18+O18+P18+Q18) -> 0 | S18: =SUM(E18-R18) -> 0 | U18: =A!AH19 -> 0 | V18: =A!AH43 -> 0 | W18: =A!AH67 -> 0 | X18: =A!AH91 -> 0 | Y18: =A!AH115 -> 0 | Z18: =A!AH139 -> 0 | AA18: =A!AH163 -> 0 | AB18: =A!AH187 -> 0 | AC18: =A!AH211 -> 0 | AD18: =A!AH235 -> 0 | AE18: =A!AH259 -> 0 | AF18: =A!AH283 -> 0 | AG18: =SUM(U18+V18+W18+X18+Y18+Z18+AA18+AB18+AC18+AD18+AE18+AF18) -> 0 | AH18: =SUM(13-AG18) -> 13
A19: Név17 | E19: =SUM(B19:D19) -> 0 | F19: =A!AI20 -> 0 | G19: =A!AI44 -> 0 | H19: =A!AI68 -> 0 | I19: =A!AI92 -> 0 | J19: =A!AI116 -> 0 | K19: =A!AI140 -> 0 | L19: =A!AI164 -> 0 | M19: =A!AI188 -> 0 | N19: =A!AI212 -> 0 | O19: =A!AI236 -> 0 | P19: =A!AI260 -> 0 | Q19: =A!AI284 -> 0 | R19: =SUM(F19+G19+H19+I19+J19+K19+L19+M19+N19+O19+P19+Q19) -> 0 | S19: =SUM(E19-R19) -> 0 | U19: =A!AH20 -> 0 | V19: =A!AH44 -> 0 | W19: =A!AH68 -> 0 | X19: =A!AH92 -> 0 | Y19: =A!AH116 -> 0 | Z19: =A!AH140 -> 0 | AA19: =A!AH164 -> 0 | AB19: =A!AH188 -> 0 | AC19: =A!AH212 -> 0 | AD19: =A!AH236 -> 0 | AE19: =A!AH260 -> 0 | AF19: =A!AH284 -> 0 | AG19: =SUM(U19+V19+W19+X19+Y19+Z19+AA19+AB19+AC19+AD19+AE19+AF19) -> 0 | AH19: =SUM(13-AG19) -> 13
A20: Név18 | E20: =SUM(B20:D20) -> 0 | F20: =A!AI21 -> 0 | G20: =A!AI45 -> 0 | H20: =A!AI69 -> 0 | I20: =A!AI93 -> 0 | J20: =A!AI117 -> 0 | K20: =A!AI141 -> 0 | L20: =A!AI165 -> 0 | M20: =A!AI189 -> 0 | N20: =A!AI213 -> 0 | O20: =A!AI237 -> 0 | P20: =A!AI261 -> 0 | Q20: =A!AI285 -> 0 | R20: =SUM(F20+G20+H20+I20+J20+K20+L20+M20+N20+O20+P20+Q20) -> 0 | S20: =SUM(E20-R20) -> 0 | U20: =A!AH21 -> 0 | V20: =A!AH45 -> 0 | W20: =A!AH69 -> 0 | X20: =A!AH93 -> 0 | Y20: =A!AH117 -> 0 | Z20: =A!AH141 -> 0 | AA20: =A!AH165 -> 0 | AB20: =A!AH189 -> 0 | AC20: =A!AH213 -> 0 | AD20: =A!AH237 -> 0 | AE20: =A!AH261 -> 0 | AF20: =A!AH285 -> 0 | AG20: =SUM(U20+V20+W20+X20+Y20+Z20+AA20+AB20+AC20+AD20+AE20+AF20) -> 0 | AH20: =SUM(13-AG20) -> 13
A21: Név19 | E21: =SUM(B21:D21) -> 0 | F21: =A!AI22 -> 0 | G21: =A!AI46 -> 0 | H21: =A!AI70 -> 0 | I21: =A!AI94 -> 0 | J21: =A!AI118 -> 0 | K21: =A!AI142 -> 0 | L21: =A!AI166 -> 0 | M21: =A!AI190 -> 0 | N21: =A!AI214 -> 0 | O21: =A!AI238 -> 0 | P21: =A!AI262 -> 0 | Q21: =A!AI286 -> 0 | R21: =SUM(F21+G21+H21+I21+J21+K21+L21+M21+N21+O21+P21+Q21) -> 0 | S21: =SUM(E21-R21) -> 0 | U21: =A!AH22 -> 0 | V21: =A!AH46 -> 0 | W21: =A!AH70 -> 0 | X21: =A!AH94 -> 0 | Y21: =A!AH118 -> 0 | Z21: =A!AH142 -> 0 | AA21: =A!AH166 -> 0 | AB21: =A!AH190 -> 0 | AC21: =A!AH214 -> 0 | AD21: =A!AH238 -> 0 | AE21: =A!AH262 -> 0 | AF21: =A!AH286 -> 0 | AG21: =SUM(U21+V21+W21+X21+Y21+Z21+AA21+AB21+AC21+AD21+AE21+AF21) -> 0 | AH21: =SUM(13-AG21) -> 13
A22: Név20 | E22: =SUM(B22:D22) -> 0 | F22: =A!AI23 -> 0 | G22: =A!AI47 -> 0 | H22: =A!AI71 -> 0 | I22: =A!AI95 -> 0 | J22: =A!AI119 -> 0 | K22: =A!AI143 -> 0 | L22: =A!AI167 -> 0 | M22: =A!AI191 -> 0 | N22: =A!AI215 -> 0 | O22: =A!AI239 -> 0 | P22: =A!AI263 -> 0 | Q22: =A!AI287 -> 0 | R22: =SUM(F22+G22+H22+I22+J22+K22+L22+M22+N22+O22+P22+Q22) -> 0 | S22: =SUM(E22-R22) -> 0 | U22: =A!AH23 -> 0 | V22: =A!AH47 -> 0 | W22: =A!AH71 -> 0 | X22: =A!AH95 -> 0 | Y22: =A!AH119 -> 0 | Z22: =A!AH143 -> 0 | AA22: =A!AH167 -> 0 | AB22: =A!AH191 -> 0 | AC22: =A!AH215 -> 0 | AD22: =A!AH239 -> 0 | AE22: =A!AH263 -> 0 | AF22: =A!AH287 -> 0 | AG22: =SUM(U22+V22+W22+X22+Y22+Z22+AA22+AB22+AC22+AD22+AE22+AF22) -> 0 | AH22: =SUM(13-AG22) -> 13
A24: N é v | B24: Áth. | C24: 2020 | D24: Gye-rek | E24: Össz. | F24: I. | G24: II. | H24: III. | I24: IV. | J24: V. | K24: VI. | L24: VII | M24: VIII | N24: IX | O24: X | P24: XI | Q24: XII | R24: Szf | S24: M. | U24: I. | V24: II | W24: III | X24: IV | Y24: V | Z24: VI | AA24: VII | AB24: VIII | AC24: IX | AD24: X | AE24: XI | AF24: XII | AG24: + | AH24: M.
F25: szf | G25: szf | H25: szf | I25: szf | J25: szf | K25: szf | L25: szf | M25: szf | N25: szf | O25: szf | P25: szf | Q25: szf | S25: szf | U25: + | V25: + | W25: + | X25: + | Y25: + | Z25: + | AA25: + | AB25: + | AC25: + | AD25: + | AE25: + | AF25: + | AH25: +
A26: Katona László | C26: 26 | D26: 2 | E26: =SUM(B26:D26) -> 28 | F26: =B!AI4 -> 0 | G26: =B!AI28 -> 0 | H26: =B!AI52 -> 1 | I26: =B!AI76 -> 4 | J26: =B!AI100 -> 0 | K26: =B!AI124 -> 0 | L26: =B!AI148 -> 0 | M26: =B!AI172 -> 0 | N26: =B!AI196 -> 0 | O26: =B!AI220 -> 0 | P26: =B!AI244 -> 0 | Q26: =B!AI268 -> 0 | R26: =SUM(F26+G26+H26+I26+J26+K26+L26+M26+N26+O26+P26+Q26) -> 5 | S26: =SUM(E26-R26) -> 23 | U26: =B!AH4 -> 2 | V26: =B!AH28 -> 2 | W26: =B!AH52 -> 1 | X26: =B!AH76 -> 1 | Y26: =B!AH100 -> 0 | Z26: =B!AH124 -> 0 | AA26: =B!AH148 -> 0 | AB26: =B!AH172 -> 0 | AC26: =B!AH196 -> 0 | AD26: =B!AH220 -> 0 | AE26: =B!AH244 -> 0 | AF26: =B!AH268 -> 0 | AG26: =SUM(U26+V26+W26+X26+Y26+Z26+AA26+AB26+AC26+AD26+AE26+AF26) -> 6 | AH26: =SUM(16-AG26) -> 10
A27: Kiss János Tamás | C27: 30 | E27: =SUM(B27:D27) -> 30 | F27: =B!AI5 -> 0 | G27: =B!AI29 -> 1 | H27: =B!AI53 -> 3 | I27: =B!AI77 -> 1 | J27: =B!AI101 -> 0 | K27: =B!AI125 -> 0 | L27: =B!AI149 -> 0 | M27: =B!AI173 -> 0 | N27: =B!AI197 -> 0 | O27: =B!AI221 -> 0 | P27: =B!AI245 -> 0 | Q27: =B!AI269 -> 0 | R27: =SUM(F27+G27+H27+I27+J27+K27+L27+M27+N27+O27+P27+Q27) -> 5 | S27: =SUM(E27-R27) -> 25 | U27: =A!AH10 -> 1 | V27: =B!AH29 -> 1 | W27: =B!AH53 -> 1 | X27: =B!AH77 -> 1 | Y27: =B!AH101 -> 0 | Z27: =B!AH125 -> 0 | AA27: =B!AH149 -> 0 | AB27: =B!AH173 -> 0 | AC27: =B!AH197 -> 0 | AD27: =B!AH221 -> 0 | AE27: =B!AH245 -> 0 | AF27: =B!AH269 -> 0 | AG27: =SUM(U27+V27+W27+X27+Y27+Z27+AA27+AB27+AC27+AD27+AE27+AF27) -> 4 | AH27: =SUM(16-AG27) -> 12
A28: Habara Gábor | C28: 22 | E28: =SUM(B28:D28) -> 22 | F28: =B!AI6 -> 1 | G28: =B!AI30 -> 1 | H28: =B!AI54 -> 0 | I28: =B!AI78 -> 0 | J28: =B!AI102 -> 0 | K28: =B!AI126 -> 0 | L28: =B!AI150 -> 0 | M28: =B!AI174 -> 0 | N28: =B!AI198 -> 0 | O28: =B!AI222 -> 0 | P28: =B!AI246 -> 0 | Q28: =B!AI270 -> 0 | R28: =SUM(F28+G28+H28+I28+J28+K28+L28+M28+N28+O28+P28+Q28) -> 2 | S28: =SUM(E28-R28) -> 20 | U28: =B!AH6 -> 2 | V28: =B!AH30 -> 1 | W28: =B!AH54 -> 1 | X28: =B!AH78 -> 1 | Y28: =B!AH102 -> 0 | Z28: =B!AH126 -> 0 | AA28: =B!AH150 -> 0 | AB28: =B!AH174 -> 0 | AC28: =B!AH198 -> 0 | AD28: =B!AH222 -> 0 | AE28: =B!AH246 -> 0 | AF28: =B!AH270 -> 0 | AG28: =SUM(U28+V28+W28+X28+Y28+Z28+AA28+AB28+AC28+AD28+AE28+AF28) -> 5 | AH28: =SUM(16-AG28) -> 11
A29: Holba Imre | B29: 1 | C29: 30 | E29: =SUM(B29:D29) -> 31 | F29: =B!AI7 -> 1 | G29: =B!AI31 -> 0 | H29: =B!AI55 -> 3 | I29: =B!AI79 -> 14 | J29: =B!AI103 -> 0 | K29: =B!AI127 -> 0 | L29: =B!AI151 -> 0 | M29: =B!AI175 -> 0 | N29: =B!AI199 -> 0 | O29: =B!AI223 -> 0 | P29: =B!AI247 -> 0 | Q29: =B!AI271 -> 0 | R29: =SUM(F29+G29+H29+I29+J29+K29+L29+M29+N29+O29+P29+Q29) -> 18 | S29: =SUM(E29-R29) -> 13 | U29: =B!AH7 -> 1 | V29: =B!AH31 -> 2 | W29: =B!AH55 -> 0 | X29: =B!AH79 -> 1 | Y29: =B!AH103 -> 0 | Z29: =B!AH127 -> 0 | AA29: =B!AH151 -> 0 | AB29: =B!AH175 -> 0 | AC29: =B!AH199 -> 0 | AD29: =B!AH223 -> 0 | AE29: =B!AH247 -> 0 | AF29: =B!AH271 -> 0 | AG29: =SUM(U29+V29+W29+X29+Y29+Z29+AA29+AB29+AC29+AD29+AE29+AF29) -> 4 | AH29: =SUM(16-AG29) -> 12
A30: Keresztes Gyula | B30: 2 | C30: 18 | E30: =SUM(B30:D30) -> 20 | F30: =B!AI8 -> 2 | G30: =B!AI32 -> 0 | H30: =B!AI56 -> 0 | I30: =B!AI80 -> 8 | J30: =B!AI104 -> 8 | K30: =B!AI128 -> 2 | L30: =B!AI152 -> 0 | M30: =B!AI176 -> 0 | N30: =B!AI200 -> 0 | O30: =B!AI224 -> 0 | P30: =B!AI248 -> 0 | Q30: =B!AI272 -> 0 | R30: =SUM(F30+G30+H30+I30+J30+K30+L30+M30+N30+O30+P30+Q30) -> 20 | S30: =SUM(E30-R30) -> 0 | U30: =B!AH8 -> 0 | V30: =B!AH32 -> 0 | W30: =B!AH56 -> 0 | X30: =B!AH80 -> 4 | Y30: =B!AH104 -> 4 | Z30: =B!AH128 -> 0 | AA30: =B!AH152 -> 0 | AB30: =B!AH176 -> 0 | AC30: =B!AH200 -> 0 | AD30: =B!AH224 -> 0 | AE30: =B!AH248 -> 0 | AF30: =B!AH272 -> 0 | AG30: =SUM(U30+V30+W30+X30+Y30+Z30+AA30+AB30+AC30+AD30+AE30+AF30) -> 8 | AH30: =SUM(9-AG30) -> 1
A31: Király Bálint Donát | C31: 21 | E31: =SUM(B31:D31) -> 21 | F31: =B!AI9 -> 5 | G31: =B!AI33 -> 2 | H31: =B!AI57 -> 2 | I31: =B!AI81 -> 0 | J31: =B!AI105 -> 0 | K31: =B!AI129 -> 0 | L31: =B!AI153 -> 0 | M31: =B!AI177 -> 0 | N31: =B!AI201 -> 0 | O31: =B!AI225 -> 0 | P31: =B!AI249 -> 0 | Q31: =B!AI273 -> 0 | R31: =SUM(F31+G31+H31+I31+J31+K31+L31+M31+N31+O31+P31+Q31) -> 9 | S31: =SUM(E31-R31) -> 12 | U31: =B!AH9 -> 2 | V31: =B!AH33 -> 1 | W31: =B!AH57 -> 1 | X31: =B!AH81 -> 3 | Y31: =B!AH105 -> 0 | Z31: =B!AH129 -> 0 | AA31: =B!AH153 -> 0 | AB31: =B!AH177 -> 0 | AC31: =B!AH201 -> 0 | AD31: =B!AH225 -> 0 | AE31: =B!AH249 -> 0 | AF31: =B!AH273 -> 0 | AG31: =SUM(U31+V31+W31+X31+Y31+Z31+AA31+AB31+AC31+AD31+AE31+AF31) -> 7 | AH31: =SUM(16-AG31) -> 9
A32: Mezei Lajos | C32: 30 | E32: =SUM(B32:D32) -> 30 | F32: =B!AI10 -> 0 | G32: =B!AI34 -> 0 | H32: =B!AI58 -> 0 | I32: =B!AI82 -> 3 | J32: =B!AI106 -> 0 | K32: =B!AI130 -> 0 | L32: =B!AI154 -> 0 | M32: =B!AI178 -> 0 | N32: =B!AI202 -> 0 | O32: =B!AI226 -> 0 | P32: =B!AI250 -> 0 | Q32: =B!AI274 -> 0 | R32: =SUM(F32+G32+H32+I32+J32+K32+L32+M32+N32+O32+P32+Q32) -> 3 | S32: =SUM(E32-R32) -> 27 | U32: =B!AH10 -> 0 | V32: =B!AH34 -> 2 | W32: =B!AH58 -> 0 | X32: =B!AH82 -> 2 | Y32: =B!AH106 -> 0 | Z32: =B!AH130 -> 0 | AA32: =B!AH154 -> 0 | AB32: =B!AH178 -> 0 | AC32: =B!AH202 -> 0 | AD32: =B!AH226 -> 0 | AE32: =B!AH250 -> 0 | AF32: =B!AH274 -> 0 | AG32: =SUM(U32+V32+W32+X32+Y32+Z32+AA32+AB32+AC32+AD32+AE32+AF32) -> 4 | AH32: =SUM(16-AG32) -> 12
A33: Fényi László | E33: =SUM(B33:D33) -> 0 | F33: =B!AI11 -> 0 | G33: =B!AI35 -> 0 | H33: =B!AI59 -> 0 | I33: =B!AI83 -> 0 | J33: =B!AI107 -> 0 | K33: =B!AI131 -> 0 | L33: =B!AI155 -> 0 | M33: =B!AI179 -> 0 | N33: =B!AI203 -> 0 | O33: =B!AI227 -> 0 | P33: =B!AI251 -> 0 | Q33: =B!AI275 -> 0 | R33: =SUM(F33+G33+H33+I33+J33+K33+L33+M33+N33+O33+P33+Q33) -> 0 | S33: =SUM(E33-R33) -> 0 | U33: =B!AH11 -> 0 | V33: =B!AH35 -> 0 | W33: =B!AH59 -> 0 | X33: =B!AH83 -> 0 | Y33: =B!AH107 -> 0 | Z33: =B!AH131 -> 0 | AA33: =B!AH155 -> 0 | AB33: =B!AH179 -> 0 | AC33: =B!AH203 -> 0 | AD33: =B!AH227 -> 0 | AE33: =B!AH251 -> 0 | AF33: =B!AH275 -> 0 | AG33: =SUM(U33+V33+W33+X33+Y33+Z33+AA33+AB33+AC33+AD33+AE33+AF33) -> 0 | AH33: =SUM(16-AG33) -> 16
A34: Név9 | E34: =SUM(B34:D34) -> 0 | F34: =B!AI12 -> 0 | G34: =B!AI36 -> 0 | H34: =B!AI60 -> 0 | I34: =B!AI84 -> 0 | J34: =B!AI108 -> 0 | K34: =B!AI132 -> 0 | L34: =B!AI156 -> 0 | M34: =B!AI180 -> 0 | N34: =B!AI204 -> 0 | O34: =B!AI228 -> 0 | P34: =B!AI252 -> 0 | Q34: =B!AI276 -> 0 | R34: =SUM(F34+G34+H34+I34+J34+K34+L34+M34+N34+O34+P34+Q34) -> 0 | S34: =SUM(E34-R34) -> 0 | U34: =B!AH12 -> 0 | V34: =B!AH36 -> 0 | W34: =B!AH60 -> 0 | X34: =B!AH84 -> 0 | Y34: =B!AH108 -> 0 | Z34: =B!AH132 -> 0 | AA34: =B!AH156 -> 0 | AB34: =B!AH180 -> 0 | AC34: =B!AH204 -> 0 | AD34: =B!AH228 -> 0 | AE34: =B!AH252 -> 0 | AF34: =B!AH276 -> 0 | AG34: =SUM(U34+V34+W34+X34+Y34+Z34+AA34+AB34+AC34+AD34+AE34+AF34) -> 0 | AH34: =SUM(13-AG34) -> 13
A35: Név10 | E35: =SUM(B35:D35) -> 0 | F35: =B!AI13 -> 0 | G35: =B!AI37 -> 0 | H35: =B!AI61 -> 0 | I35: =B!AI85 -> 0 | J35: =B!AI109 -> 0 | K35: =B!AI133 -> 0 | L35: =B!AI157 -> 0 | M35: =B!AI181 -> 0 | N35: =B!AI205 -> 0 | O35: =B!AI229 -> 0 | P35: =B!AI253 -> 0 | Q35: =B!AI277 -> 0 | R35: =SUM(F35+G35+H35+I35+J35+K35+L35+M35+N35+O35+P35+Q35) -> 0 | S35: =SUM(E35-R35) -> 0 | U35: =B!AH13 -> 0 | V35: =B!AH37 -> 0 | W35: =B!AH61 -> 0 | X35: =B!AH85 -> 0 | Y35: =B!AH109 -> 0 | Z35: =B!AH133 -> 0 | AA35: =B!AH157 -> 0 | AB35: =B!AH181 -> 0 | AC35: =B!AH205 -> 0 | AD35: =B!AH229 -> 0 | AE35: =B!AH253 -> 0 | AF35: =B!AH277 -> 0 | AG35: =SUM(U35+V35+W35+X35+Y35+Z35+AA35+AB35+AC35+AD35+AE35+AF35) -> 0 | AH35: =SUM(13-AG35) -> 13
A36: Név11 | E36: =SUM(B36:D36) -> 0 | F36: =B!AI14 -> 0 | G36: =B!AI38 -> 0 | H36: =B!AI62 -> 0 | I36: =B!AI86 -> 0 | J36: =B!AI110 -> 0 | K36: =B!AI134 -> 0 | L36: =B!AI158 -> 0 | M36: =B!AI182 -> 0 | N36: =B!AI206 -> 0 | O36: =B!AI230 -> 0 | P36: =B!AI254 -> 0 | Q36: =B!AI278 -> 0 | R36: =SUM(F36+G36+H36+I36+J36+K36+L36+M36+N36+O36+P36+Q36) -> 0 | S36: =SUM(E36-R36) -> 0 | U36: =B!AH14 -> 0 | V36: =B!AH38 -> 0 | W36: =B!AH62 -> 0 | X36: =B!AH86 -> 0 | Y36: =B!AH110 -> 0 | Z36: =B!AH134 -> 0 | AA36: =B!AH158 -> 0 | AB36: =B!AH182 -> 0 | AC36: =B!AH206 -> 0 | AD36: =B!AH230 -> 0 | AE36: =B!AH254 -> 0 | AF36: =B!AH278 -> 0 | AG36: =SUM(U36+V36+W36+X36+Y36+Z36+AA36+AB36+AC36+AD36+AE36+AF36) -> 0 | AH36: =SUM(13-AG36) -> 13
A37: Név12 | E37: =SUM(B37:D37) -> 0 | F37: =B!AI15 -> 0 | G37: =B!AI39 -> 0 | H37: =B!AI63 -> 0 | I37: =B!AI87 -> 0 | J37: =B!AI111 -> 0 | K37: =B!AI135 -> 0 | L37: =B!AI159 -> 0 | M37: =B!AI183 -> 0 | N37: =B!AI207 -> 0 | O37: =B!AI231 -> 0 | P37: =B!AI255 -> 0 | Q37: =B!AI279 -> 0 | R37: =SUM(F37+G37+H37+I37+J37+K37+L37+M37+N37+O37+P37+Q37) -> 0 | S37: =SUM(E37-R37) -> 0 | U37: =B!AH15 -> 0 | V37: =B!AH39 -> 0 | W37: =B!AH63 -> 0 | X37: =B!AH87 -> 0 | Y37: =B!AH111 -> 0 | Z37: =B!AH135 -> 0 | AA37: =B!AH159 -> 0 | AB37: =B!AH183 -> 0 | AC37: =B!AH207 -> 0 | AD37: =B!AH231 -> 0 | AE37: =B!AH255 -> 0 | AF37: =B!AH279 -> 0 | AG37: =SUM(U37+V37+W37+X37+Y37+Z37+AA37+AB37+AC37+AD37+AE37+AF37) -> 0 | AH37: =SUM(13-AG37) -> 13
A38: Név13 | E38: =SUM(B38:D38) -> 0 | F38: =B!AI16 -> 0 | G38: =B!AI40 -> 0 | H38: =B!AI64 -> 0 | I38: =B!AI88 -> 0 | J38: =B!AI112 -> 0 | K38: =B!AI136 -> 0 | L38: =B!AI160 -> 0 | M38: =B!AI184 -> 0 | N38: =B!AI208 -> 0 | O38: =B!AI232 -> 0 | P38: =B!AI256 -> 0 | Q38: =B!AI280 -> 0 | R38: =SUM(F38+G38+H38+I38+J38+K38+L38+M38+N38+O38+P38+Q38) -> 0 | S38: =SUM(E38-R38) -> 0 | U38: =B!AH16 -> 0 | V38: =B!AH40 -> 0 | W38: =B!AH64 -> 0 | X38: =B!AH88 -> 0 | Y38: =B!AH112 -> 0 | Z38: =B!AH136 -> 0 | AA38: =B!AH160 -> 0 | AB38: =B!AH184 -> 0 | AC38: =B!AH208 -> 0 | AD38: =B!AH232 -> 0 | AE38: =B!AH256 -> 0 | AF38: =B!AH280 -> 0 | AG38: =SUM(U38+V38+W38+X38+Y38+Z38+AA38+AB38+AC38+AD38+AE38+AF38) -> 0 | AH38: =SUM(13-AG38) -> 13
A39: Név14 | E39: =SUM(B39:D39) -> 0 | F39: =B!AI17 -> 0 | G39: =B!AI41 -> 0 | H39: =B!AI65 -> 0 | I39: =B!AI89 -> 0 | J39: =B!AI113 -> 0 | K39: =B!AI137 -> 0 | L39: =B!AI161 -> 0 | M39: =B!AI185 -> 0 | N39: =B!AI209 -> 0 | O39: =B!AI233 -> 0 | P39: =B!AI257 -> 0 | Q39: =B!AI281 -> 0 | R39: =SUM(F39+G39+H39+I39+J39+K39+L39+M39+N39+O39+P39+Q39) -> 0 | S39: =SUM(E39-R39) -> 0 | U39: =B!AH17 -> 0 | V39: =B!AH41 -> 0 | W39: =B!AH65 -> 0 | X39: =B!AH89 -> 0 | Y39: =B!AH113 -> 0 | Z39: =B!AH137 -> 0 | AA39: =B!AH161 -> 0 | AB39: =B!AH185 -> 0 | AC39: =B!AH209 -> 0 | AD39: =B!AH233 -> 0 | AE39: =B!AH257 -> 0 | AF39: =B!AH281 -> 0 | AG39: =SUM(U39+V39+W39+X39+Y39+Z39+AA39+AB39+AC39+AD39+AE39+AF39) -> 0 | AH39: =SUM(13-AG39) -> 13
A40: Név15 | E40: =SUM(B40:D40) -> 0 | F40: =B!AI18 -> 0 | G40: =B!AI42 -> 0 | H40: =B!AI66 -> 0 | I40: =B!AI90 -> 0 | J40: =B!AI114 -> 0 | K40: =B!AI138 -> 0 | L40: =B!AI162 -> 0 | M40: =B!AI186 -> 0 | N40: =B!AI210 -> 0 | O40: =B!AI234 -> 0 | P40: =B!AI258 -> 0 | Q40: =B!AI282 -> 0 | R40: =SUM(F40+G40+H40+I40+J40+K40+L40+M40+N40+O40+P40+Q40) -> 0 | S40: =SUM(E40-R40) -> 0 | U40: =B!AH18 -> 0 | V40: =B!AH42 -> 0 | W40: =B!AH66 -> 0 | X40: =B!AH90 -> 0 | Y40: =B!AH114 -> 0 | Z40: =B!AH138 -> 0 | AA40: =B!AH162 -> 0 | AB40: =B!AH186 -> 0 | AC40: =B!AH210 -> 0 | AD40: =B!AH234 -> 0 | AE40: =B!AH258 -> 0 | AF40: =B!AH282 -> 0 | AG40: =SUM(U40+V40+W40+X40+Y40+Z40+AA40+AB40+AC40+AD40+AE40+AF40) -> 0 | AH40: =SUM(13-AG40) -> 13
A41: Név16 | E41: =SUM(B41:D41) -> 0 | F41: =B!AI19 -> 0 | G41: =B!AI43 -> 0 | H41: =B!AI67 -> 0 | I41: =B!AI91 -> 0 | J41: =B!AI115 -> 0 | K41: =B!AI139 -> 0 | L41: =B!AI163 -> 0 | M41: =B!AI187 -> 0 | N41: =B!AI211 -> 0 | O41: =B!AI235 -> 0 | P41: =B!AI259 -> 0 | Q41: =B!AI283 -> 0 | R41: =SUM(F41+G41+H41+I41+J41+K41+L41+M41+N41+O41+P41+Q41) -> 0 | S41: =SUM(E41-R41) -> 0 | U41: =B!AH19 -> 0 | V41: =B!AH43 -> 0 | W41: =B!AH67 -> 0 | X41: =B!AH91 -> 0 | Y41: =B!AH115 -> 0 | Z41: =B!AH139 -> 0 | AA41: =B!AH163 -> 0 | AB41: =B!AH187 -> 0 | AC41: =B!AH211 -> 0 | AD41: =B!AH235 -> 0 | AE41: =B!AH259 -> 0 | AF41: =B!AH283 -> 0 | AG41: =SUM(U41+V41+W41+X41+Y41+Z41+AA41+AB41+AC41+AD41+AE41+AF41) -> 0 | AH41: =SUM(13-AG41) -> 13
A42: Név17 | E42: =SUM(B42:D42) -> 0 | F42: =B!AI20 -> 0 | G42: =B!AI44 -> 0 | H42: =B!AI68 -> 0 | I42: =B!AI92 -> 0 | J42: =B!AI116 -> 0 | K42: =B!AI140 -> 0 | L42: =B!AI164 -> 0 | M42: =B!AI188 -> 0 | N42: =B!AI212 -> 0 | O42: =B!AI236 -> 0 | P42: =B!AI260 -> 0 | Q42: =B!AI284 -> 0 | R42: =SUM(F42+G42+H42+I42+J42+K42+L42+M42+N42+O42+P42+Q42) -> 0 | S42: =SUM(E42-R42) -> 0 | U42: =B!AH20 -> 0 | V42: =B!AH44 -> 0 | W42: =B!AH68 -> 0 | X42: =B!AH92 -> 0 | Y42: =B!AH116 -> 0 | Z42: =B!AH140 -> 0 | AA42: =B!AH164 -> 0 | AB42: =B!AH188 -> 0 | AC42: =B!AH212 -> 0 | AD42: =B!AH236 -> 0 | AE42: =B!AH260 -> 0 | AF42: =B!AH284 -> 0 | AG42: =SUM(U42+V42+W42+X42+Y42+Z42+AA42+AB42+AC42+AD42+AE42+AF42) -> 0 | AH42: =SUM(13-AG42) -> 13
A43: Név18 | E43: =SUM(B43:D43) -> 0 | F43: =B!AI21 -> 0 | G43: =B!AI45 -> 0 | H43: =B!AI69 -> 0 | I43: =B!AI93 -> 0 | J43: =B!AI117 -> 0 | K43: =B!AI141 -> 0 | L43: =B!AI165 -> 0 | M43: =B!AI189 -> 0 | N43: =B!AI213 -> 0 | O43: =B!AI237 -> 0 | P43: =B!AI261 -> 0 | Q43: =B!AI285 -> 0 | R43: =SUM(F43+G43+H43+I43+J43+K43+L43+M43+N43+O43+P43+Q43) -> 0 | S43: =SUM(E43-R43) -> 0 | U43: =B!AH21 -> 0 | V43: =B!AH45 -> 0 | W43: =B!AH69 -> 0 | X43: =B!AH93 -> 0 | Y43: =B!AH117 -> 0 | Z43: =B!AH141 -> 0 | AA43: =B!AH165 -> 0 | AB43: =B!AH189 -> 0 | AC43: =B!AH213 -> 0 | AD43: =B!AH237 -> 0 | AE43: =B!AH261 -> 0 | AF43: =B!AH285 -> 0 | AG43: =SUM(U43+V43+W43+X43+Y43+Z43+AA43+AB43+AC43+AD43+AE43+AF43) -> 0 | AH43: =SUM(13-AG43) -> 13
A44: Név19 | E44: =SUM(B44:D44) -> 0 | F44: =B!AI22 -> 0 | G44: =B!AI46 -> 0 | H44: =B!AI70 -> 0 | I44: =B!AI94 -> 0 | J44: =B!AI118 -> 0 | K44: =B!AI142 -> 0 | L44: =B!AI166 -> 0 | M44: =B!AI190 -> 0 | N44: =B!AI214 -> 0 | O44: =B!AI238 -> 0 | P44: =B!AI262 -> 0 | Q44: =B!AI286 -> 0 | R44: =SUM(F44+G44+H44+I44+J44+K44+L44+M44+N44+O44+P44+Q44) -> 0 | S44: =SUM(E44-R44) -> 0 | U44: =B!AH22 -> 0 | V44: =B!AH46 -> 0 | W44: =B!AH70 -> 0 | X44: =B!AH94 -> 0 | Y44: =B!AH118 -> 0 | Z44: =B!AH142 -> 0 | AA44: =B!AH166 -> 0 | AB44: =B!AH190 -> 0 | AC44: =B!AH214 -> 0 | AD44: =B!AH238 -> 0 | AE44: =B!AH262 -> 0 | AF44: =B!AH286 -> 0 | AG44: =SUM(U44+V44+W44+X44+Y44+Z44+AA44+AB44+AC44+AD44+AE44+AF44) -> 0 | AH44: =SUM(13-AG44) -> 13
A45: Név20 | E45: =SUM(B45:D45) -> 0 | F45: =B!AI23 -> 0 | G45: =B!AI47 -> 0 | H45: =B!AI71 -> 0 | I45: =B!AI95 -> 0 | J45: =B!AI119 -> 0 | K45: =B!AI143 -> 0 | L45: =B!AI167 -> 0 | M45: =B!AI191 -> 0 | N45: =B!AI215 -> 0 | O45: =B!AI239 -> 0 | P45: =B!AI263 -> 0 | Q45: =B!AI287 -> 0 | R45: =SUM(F45+G45+H45+I45+J45+K45+L45+M45+N45+O45+P45+Q45) -> 0 | S45: =SUM(E45-R45) -> 0 | U45: =B!AH23 -> 0 | V45: =B!AH47 -> 0 | W45: =B!AH71 -> 0 | X45: =B!AH95 -> 0 | Y45: =B!AH119 -> 0 | Z45: =B!AH143 -> 0 | AA45: =B!AH167 -> 0 | AB45: =B!AH191 -> 0 | AC45: =B!AH215 -> 0 | AD45: =B!AH239 -> 0 | AE45: =B!AH263 -> 0 | AF45: =B!AH287 -> 0 | AG45: =SUM(U45+V45+W45+X45+Y45+Z45+AA45+AB45+AC45+AD45+AE45+AF45) -> 0 | AH45: =SUM(13-AG45) -> 13
A47: N é v | B47: Áth. | C47: 2020 | D47: Gye-rek | E47: Össz. | F47: I. | G47: II. | H47: III. | I47: IV. | J47: V. | K47: VI. | L47: VII | M47: VIII | N47: IX | O47: X | P47: XI | Q47: XII | R47: Szf | S47: M. | U47: I. | V47: II | W47: III | X47: IV | Y47: V | Z47: VI | AA47: VII | AB47: VIII | AC47: IX | AD47: X | AE47: XI | AF47: XII | AG47: + | AH47: M.
F48: szf | G48: szf | H48: szf | I48: szf | J48: szf | K48: szf | L48: szf | M48: szf | N48: szf | O48: szf | P48: szf | Q48: szf | S48: szf | U48: + | V48: + | W48: + | X48: + | Y48: + | Z48: + | AA48: + | AB48: + | AC48: + | AD48: + | AE48: + | AF48: + | AH48: +
A49: Kuik-Filep András | B49: 6 | C49: 29 | D49: 6 | E49: =SUM(B49:D49) -> 41 | F49: ='C'!AI4 -> 9 | G49: ='C'!AI28 -> 1 | H49: ='C'!AI52 -> 0 | I49: ='C'!AI76 -> 0 | J49: ='C'!AI100 -> 0 | K49: ='C'!AI124 -> 0 | L49: ='C'!AI148 -> 0 | M49: ='C'!AI172 -> 0 | N49: ='C'!AI196 -> 0 | O49: ='C'!AI220 -> 0 | P49: ='C'!AI244 -> 0 | Q49: ='C'!AI268 -> 0 | R49: =SUM(F49+G49+H49+I49+J49+K49+L49+M49+N49+O49+P49+Q49) -> 10 | S49: =SUM(E49-R49) -> 31 | U49: ='C'!AH4 -> 1 | V49: ='C'!AH28 -> 1 | W49: ='C'!AH52 -> 0 | X49: ='C'!AH76 -> 0 | Y49: ='C'!AH100 -> 0 | Z49: ='C'!AH124 -> 0 | AA49: ='C'!AH148 -> 0 | AB49: ='C'!AH172 -> 0 | AC49: ='C'!AH196 -> 0 | AD49: ='C'!AH220 -> 0 | AE49: ='C'!AH244 -> 0 | AF49: ='C'!AH268 -> 0 | AG49: =SUM(U49+V49+W49+X49+Y49+Z49+AA49+AB49+AC49+AD49+AE49+AF49) -> 2 | AH49: =SUM(16-AG49) -> 14
A50: Balogh Zsolt | C50: 30 | E50: =SUM(B50:D50) -> 30 | F50: ='C'!AI5 -> 0 | G50: ='C'!AI29 -> 0 | H50: ='C'!AI53 -> 0 | I50: ='C'!AI77 -> 1 | J50: ='C'!AI101 -> 0 | K50: ='C'!AI125 -> 0 | L50: ='C'!AI149 -> 0 | M50: ='C'!AI173 -> 0 | N50: ='C'!AI197 -> 0 | O50: ='C'!AI221 -> 0 | P50: ='C'!AI245 -> 0 | Q50: ='C'!AI269 -> 0 | R50: =SUM(F50+G50+H50+I50+J50+K50+L50+M50+N50+O50+P50+Q50) -> 1 | S50: =SUM(E50-R50) -> 29 | U50: ='C'!AH5 -> 0 | V50: ='C'!AH29 -> 1 | W50: ='C'!AH53 -> 0 | X50: ='C'!AH77 -> 1 | Y50: ='C'!AH101 -> 0 | Z50: ='C'!AH125 -> 0 | AA50: ='C'!AH149 -> 0 | AB50: ='C'!AH173 -> 0 | AC50: ='C'!AH197 -> 0 | AD50: ='C'!AH221 -> 0 | AE50: ='C'!AH245 -> 0 | AF50: ='C'!AH269 -> 0 | AG50: =SUM(U50+V50+W50+X50+Y50+Z50+AA50+AB50+AC50+AD50+AE50+AF50) -> 2 | AH50: =SUM(16-AG50) -> 14
A51: Éliás Viktor | C51: 27 | D51: 6 | E51: =SUM(B51:D51) -> 33 | F51: ='C'!AI6 -> 0 | G51: ='C'!AI30 -> 0 | H51: ='C'!AI54 -> 1 | I51: ='C'!AI78 -> 0 | J51: ='C'!AI102 -> 0 | K51: ='C'!AI126 -> 0 | L51: ='C'!AI150 -> 0 | M51: ='C'!AI174 -> 0 | N51: ='C'!AI198 -> 0 | O51: ='C'!AI222 -> 0 | P51: ='C'!AI246 -> 0 | Q51: ='C'!AI270 -> 0 | R51: =SUM(F51+G51+H51+I51+J51+K51+L51+M51+N51+O51+P51+Q51) -> 1 | S51: =SUM(E51-R51) -> 32 | U51: ='C'!AH6 -> 1 | V51: ='C'!AH30 -> 1 | W51: ='C'!AH54 -> 1 | X51: ='C'!AH78 -> 0 | Y51: ='C'!AH102 -> 0 | Z51: ='C'!AH126 -> 0 | AA51: ='C'!AH150 -> 0 | AB51: ='C'!AH174 -> 0 | AC51: ='C'!AH198 -> 0 | AD51: ='C'!AH222 -> 0 | AE51: ='C'!AH246 -> 0 | AF51: ='C'!AH270 -> 0 | AG51: =SUM(U51+V51+W51+X51+Y51+Z51+AA51+AB51+AC51+AD51+AE51+AF51) -> 3 | AH51: =SUM(16-AG51)+1 -> 14
A52: Hadházi Kálmán | C52: 30 | E52: =SUM(B52:D52) -> 30 | F52: ='C'!AI7 -> 1 | G52: ='C'!AI31 -> 1 | H52: ='C'!AI55 -> 1 | I52: ='C'!AI79 -> 4 | J52: ='C'!AI103 -> 0 | K52: ='C'!AI127 -> 0 | L52: ='C'!AI151 -> 0 | M52: ='C'!AI175 -> 0 | N52: ='C'!AI199 -> 0 | O52: ='C'!AI223 -> 0 | P52: ='C'!AI247 -> 0 | Q52: ='C'!AI271 -> 0 | R52: =SUM(F52+G52+H52+I52+J52+K52+L52+M52+N52+O52+P52+Q52) -> 7 | S52: =SUM(E52-R52) -> 23 | U52: ='C'!AH7 -> 1 | V52: ='C'!AH31 -> 0 | W52: ='C'!AH55 -> 3 | X52: ='C'!AH79 -> 0 | Y52: ='C'!AH103 -> 0 | Z52: ='C'!AH127 -> 0 | AA52: ='C'!AH151 -> 0 | AB52: ='C'!AH175 -> 0 | AC52: ='C'!AH199 -> 0 | AD52: ='C'!AH223 -> 0 | AE52: ='C'!AH247 -> 0 | AF52: ='C'!AH271 -> 0 | AG52: =SUM(U52+V52+W52+X52+Y52+Z52+AA52+AB52+AC52+AD52+AE52+AF52) -> 4 | AH52: =SUM(16-AG52) -> 12
A53: Kiss Attila | C53: 24 | D53: 2 | E53: =SUM(B53:D53) -> 26 | F53: ='C'!AI8 -> 0 | G53: ='C'!AI32 -> 0 | H53: ='C'!AI56 -> 1 | I53: ='C'!AI80 -> 1 | J53: ='C'!AI104 -> 0 | K53: ='C'!AI128 -> 0 | L53: ='C'!AI152 -> 0 | M53: ='C'!AI176 -> 0 | N53: ='C'!AI200 -> 0 | O53: ='C'!AI224 -> 0 | P53: ='C'!AI248 -> 0 | Q53: ='C'!AI272 -> 0 | R53: =SUM(F53+G53+H53+I53+J53+K53+L53+M53+N53+O53+P53+Q53) -> 2 | S53: =SUM(E53-R53) -> 24 | U53: ='C'!AH8 -> 1 | V53: ='C'!AH32 -> 1 | W53: ='C'!AH56 -> 2 | X53: ='C'!AH80 -> 1 | Y53: ='C'!AH104 -> 0 | Z53: ='C'!AH128 -> 0 | AA53: ='C'!AH152 -> 0 | AB53: ='C'!AH176 -> 0 | AC53: ='C'!AH200 -> 0 | AD53: ='C'!AH224 -> 0 | AE53: ='C'!AH248 -> 0 | AF53: ='C'!AH272 -> 0 | AG53: =SUM(U53+V53+W53+X53+Y53+Z53+AA53+AB53+AC53+AD53+AE53+AF53) -> 5 | AH53: =SUM(16-AG53) -> 11
A54: Serestyén Dániel | B54: -1 | C54: 20 | E54: =SUM(B54:D54) -> 19 | F54: ='C'!AI9 -> 1 | G54: ='C'!AI33 -> 1 | H54: ='C'!AI57 -> 0 | I54: ='C'!AI81 -> 0 | J54: ='C'!AI105 -> 0 | K54: ='C'!AI129 -> 0 | L54: ='C'!AI153 -> 0 | M54: ='C'!AI177 -> 0 | N54: ='C'!AI201 -> 0 | O54: ='C'!AI225 -> 0 | P54: ='C'!AI249 -> 0 | Q54: ='C'!AI273 -> 0 | R54: =SUM(F54+G54+H54+I54+J54+K54+L54+M54+N54+O54+P54+Q54) -> 2 | S54: =SUM(E54-R54) -> 17 | U54: ='C'!AH9 -> 1 | V54: ='C'!AH33 -> 1 | W54: ='C'!AH57 -> 1 | X54: ='C'!AH81 -> 0 | Y54: ='C'!AH105 -> 0 | Z54: ='C'!AH129 -> 0 | AA54: ='C'!AH153 -> 0 | AB54: ='C'!AH177 -> 0 | AC54: ='C'!AH201 -> 0 | AD54: ='C'!AH225 -> 0 | AE54: ='C'!AH249 -> 0 | AF54: ='C'!AH273 -> 0 | AG54: =SUM(U54+V54+W54+X54+Y54+Z54+AA54+AB54+AC54+AD54+AE54+AF54) -> 3 | AH54: =SUM(16-AG54)-1 -> 12
A55: Varga Imre | C55: 20 | E55: =SUM(B55:D55) -> 20 | F55: ='C'!AI10 -> 0 | G55: ='C'!AI34 -> 2 | H55: ='C'!AI58 -> 0 | I55: ='C'!AI82 -> 0 | J55: ='C'!AI106 -> 0 | K55: ='C'!AI130 -> 0 | L55: ='C'!AI154 -> 0 | M55: ='C'!AI178 -> 0 | N55: ='C'!AI202 -> 0 | O55: ='C'!AI226 -> 0 | P55: ='C'!AI250 -> 0 | Q55: ='C'!AI274 -> 0 | R55: =SUM(F55+G55+H55+I55+J55+K55+L55+M55+N55+O55+P55+Q55) -> 2 | S55: =SUM(E55-R55) -> 18 | U55: ='C'!AH10 -> 1 | V55: ='C'!AH34 -> 1 | W55: ='C'!AH58 -> 0 | X55: ='C'!AH82 -> 1 | Y55: ='C'!AH106 -> 0 | Z55: ='C'!AH130 -> 0 | AA55: ='C'!AH154 -> 0 | AB55: ='C'!AH178 -> 0 | AC55: ='C'!AH202 -> 0 | AD55: ='C'!AH226 -> 0 | AE55: ='C'!AH250 -> 0 | AF55: ='C'!AH274 -> 0 | AG55: =SUM(U55+V55+W55+X55+Y55+Z55+AA55+AB55+AC55+AD55+AE55+AF55) -> 3 | AH55: =SUM(16-AG55) -> 13
A56: Név8 | E56: =SUM(B56:D56) -> 0 | F56: ='C'!AI11 -> 0 | G56: ='C'!AI35 -> 0 | H56: ='C'!AI59 -> 0 | I56: ='C'!AI83 -> 0 | J56: ='C'!AI107 -> 0 | K56: ='C'!AI131 -> 0 | L56: ='C'!AI155 -> 0 | M56: ='C'!AI179 -> 0 | N56: ='C'!AI203 -> 0 | O56: ='C'!AI227 -> 0 | P56: ='C'!AI251 -> 0 | Q56: ='C'!AI275 -> 0 | R56: =SUM(F56+G56+H56+I56+J56+K56+L56+M56+N56+O56+P56+Q56) -> 0 | S56: =SUM(E56-R56) -> 0 | U56: ='C'!AH11 -> 0 | V56: ='C'!AH35 -> 0 | W56: ='C'!AH59 -> 0 | X56: ='C'!AH83 -> 0 | Y56: ='C'!AH107 -> 0 | Z56: ='C'!AH131 -> 0 | AA56: ='C'!AH155 -> 0 | AB56: ='C'!AH179 -> 0 | AC56: ='C'!AH203 -> 0 | AD56: ='C'!AH227 -> 0 | AE56: ='C'!AH251 -> 0 | AF56: ='C'!AH275 -> 0 | AG56: =SUM(U56+V56+W56+X56+Y56+Z56+AA56+AB56+AC56+AD56+AE56+AF56) -> 0 | AH56: =SUM(16-AG56) -> 16
A57: Név9 | E57: =SUM(B57:D57) -> 0 | F57: ='C'!AI12 -> 0 | G57: ='C'!AI36 -> 0 | H57: ='C'!AI60 -> 0 | I57: ='C'!AI84 -> 0 | J57: ='C'!AI108 -> 0 | K57: ='C'!AI132 -> 0 | L57: ='C'!AI156 -> 0 | M57: ='C'!AI180 -> 0 | N57: ='C'!AI204 -> 0 | O57: ='C'!AI228 -> 0 | P57: ='C'!AI252 -> 0 | Q57: ='C'!AI276 -> 0 | R57: =SUM(F57+G57+H57+I57+J57+K57+L57+M57+N57+O57+P57+Q57) -> 0 | S57: =SUM(E57-R57) -> 0 | U57: ='C'!AH12 -> 0 | V57: ='C'!AH36 -> 0 | W57: ='C'!AH60 -> 0 | X57: ='C'!AH84 -> 0 | Y57: ='C'!AH108 -> 0 | Z57: ='C'!AH132 -> 0 | AA57: ='C'!AH156 -> 0 | AB57: ='C'!AH180 -> 0 | AC57: ='C'!AH204 -> 0 | AD57: ='C'!AH228 -> 0 | AE57: ='C'!AH252 -> 0 | AF57: ='C'!AH276 -> 0 | AG57: =SUM(U57+V57+W57+X57+Y57+Z57+AA57+AB57+AC57+AD57+AE57+AF57) -> 0 | AH57: =SUM(13-AG57) -> 13
A58: Név10 | E58: =SUM(B58:D58) -> 0 | F58: ='C'!AI13 -> 0 | G58: ='C'!AI37 -> 0 | H58: ='C'!AI61 -> 0 | I58: ='C'!AI85 -> 0 | J58: ='C'!AI109 -> 0 | K58: ='C'!AI133 -> 0 | L58: ='C'!AI157 -> 0 | M58: ='C'!AI181 -> 0 | N58: ='C'!AI205 -> 0 | O58: ='C'!AI229 -> 0 | P58: ='C'!AI253 -> 0 | Q58: ='C'!AI277 -> 0 | R58: =SUM(F58+G58+H58+I58+J58+K58+L58+M58+N58+O58+P58+Q58) -> 0 | S58: =SUM(E58-R58) -> 0 | U58: ='C'!AH13 -> 0 | V58: ='C'!AH37 -> 0 | W58: ='C'!AH61 -> 0 | X58: ='C'!AH85 -> 0 | Y58: ='C'!AH109 -> 0 | Z58: ='C'!AH133 -> 0 | AA58: ='C'!AH157 -> 0 | AB58: ='C'!AH181 -> 0 | AC58: ='C'!AH205 -> 0 | AD58: ='C'!AH229 -> 0 | AE58: ='C'!AH253 -> 0 | AF58: ='C'!AH277 -> 0 | AG58: =SUM(U58+V58+W58+X58+Y58+Z58+AA58+AB58+AC58+AD58+AE58+AF58) -> 0 | AH58: =SUM(13-AG58) -> 13
A59: Név11 | E59: =SUM(B59:D59) -> 0 | G59: ='C'!AI38 -> 0 | H59: ='C'!AI62 -> 0 | I59: ='C'!AI86 -> 0 | J59: ='C'!AI110 -> 0 | K59: ='C'!AI134 -> 0 | L59: ='C'!AI158 -> 0 | M59: ='C'!AI182 -> 0 | N59: ='C'!AI206 -> 0 | O59: ='C'!AI230 -> 0 | P59: ='C'!AI254 -> 0 | Q59: ='C'!AI278 -> 0 | R59: =SUM(F59+G59+H59+I59+J59+K59+L59+M59+N59+O59+P59+Q59) -> 0 | S59: =SUM(E59-R59) -> 0 | U59: ='C'!AH14 -> 0 | V59: ='C'!AH38 -> 0 | W59: ='C'!AH62 -> 0 | X59: ='C'!AH86 -> 0 | Y59: ='C'!AH110 -> 0 | Z59: ='C'!AH134 -> 0 | AA59: ='C'!AH158 -> 0 | AB59: ='C'!AH182 -> 0 | AC59: ='C'!AH206 -> 0 | AD59: ='C'!AH230 -> 0 | AE59: ='C'!AH254 -> 0 | AF59: ='C'!AH278 -> 0 | AG59: =SUM(U59+V59+W59+X59+Y59+Z59+AA59+AB59+AC59+AD59+AE59+AF59) -> 0 | AH59: =SUM(13-AG59) -> 13
A60: Név12 | E60: =SUM(B60:D60) -> 0 | G60: ='C'!AI39 -> 0 | H60: ='C'!AI63 -> 0 | I60: ='C'!AI87 -> 0 | J60: ='C'!AI111 -> 0 | K60: ='C'!AI135 -> 0 | L60: ='C'!AI159 -> 0 | M60: ='C'!AI183 -> 0 | N60: ='C'!AI207 -> 0 | O60: ='C'!AI231 -> 0 | P60: ='C'!AI255 -> 0 | Q60: ='C'!AI279 -> 0 | R60: =SUM(F60+G60+H60+I60+J60+K60+L60+M60+N60+O60+P60+Q60) -> 0 | S60: =SUM(E60-R60) -> 0 | U60: ='C'!AH15 -> 0 | V60: ='C'!AH39 -> 0 | W60: ='C'!AH63 -> 0 | X60: ='C'!AH87 -> 0 | Y60: ='C'!AH111 -> 0 | Z60: ='C'!AH135 -> 0 | AA60: ='C'!AH159 -> 0 | AB60: ='C'!AH183 -> 0 | AC60: ='C'!AH207 -> 0 | AD60: ='C'!AH231 -> 0 | AE60: ='C'!AH255 -> 0 | AF60: ='C'!AH279 -> 0 | AG60: =SUM(U60+V60+W60+X60+Y60+Z60+AA60+AB60+AC60+AD60+AE60+AF60) -> 0 | AH60: =SUM(13-AG60) -> 13
A61: Név13 | E61: =SUM(B61:D61) -> 0 | G61: ='C'!AI40 -> 0 | H61: ='C'!AI64 -> 0 | I61: ='C'!AI88 -> 0 | J61: ='C'!AI112 -> 0 | K61: ='C'!AI136 -> 0 | L61: ='C'!AI160 -> 0 | M61: ='C'!AI184 -> 0 | N61: ='C'!AI208 -> 0 | O61: ='C'!AI232 -> 0 | P61: ='C'!AI256 -> 0 | Q61: ='C'!AI280 -> 0 | R61: =SUM(F61+G61+H61+I61+J61+K61+L61+M61+N61+O61+P61+Q61) -> 0 | S61: =SUM(E61-R61) -> 0 | U61: ='C'!AH16 -> 0 | V61: ='C'!AH40 -> 0 | W61: ='C'!AH64 -> 0 | X61: ='C'!AH88 -> 0 | Y61: ='C'!AH112 -> 0 | Z61: ='C'!AH136 -> 0 | AA61: ='C'!AH160 -> 0 | AB61: ='C'!AH184 -> 0 | AC61: ='C'!AH208 -> 0 | AD61: ='C'!AH232 -> 0 | AE61: ='C'!AH256 -> 0 | AF61: ='C'!AH280 -> 0 | AG61: =SUM(U61+V61+W61+X61+Y61+Z61+AA61+AB61+AC61+AD61+AE61+AF61) -> 0 | AH61: =SUM(13-AG61) -> 13
A62: Név14 | E62: =SUM(B62:D62) -> 0 | G62: ='C'!AI41 -> 0 | H62: ='C'!AI65 -> 0 | I62: ='C'!AI89 -> 0 | J62: ='C'!AI113 -> 0 | K62: ='C'!AI137 -> 0 | L62: ='C'!AI161 -> 0 | M62: ='C'!AI185 -> 0 | N62: ='C'!AI209 -> 0 | O62: ='C'!AI233 -> 0 | P62: ='C'!AI257 -> 0 | Q62: ='C'!AI281 -> 0 | R62: =SUM(F62+G62+H62+I62+J62+K62+L62+M62+N62+O62+P62+Q62) -> 0 | S62: =SUM(E62-R62) -> 0 | U62: ='C'!AH17 -> 0 | V62: ='C'!AH41 -> 0 | W62: ='C'!AH65 -> 0 | X62: ='C'!AH89 -> 0 | Y62: ='C'!AH113 -> 0 | Z62: ='C'!AH137 -> 0 | AA62: ='C'!AH161 -> 0 | AB62: ='C'!AH185 -> 0 | AC62: ='C'!AH209 -> 0 | AD62: ='C'!AH233 -> 0 | AE62: ='C'!AH257 -> 0 | AF62: ='C'!AH281 -> 0 | AG62: =SUM(U62+V62+W62+X62+Y62+Z62+AA62+AB62+AC62+AD62+AE62+AF62) -> 0 | AH62: =SUM(13-AG62) -> 13
A63: Név15 | E63: =SUM(B63:D63) -> 0 | G63: ='C'!AI42 -> 0 | H63: ='C'!AI66 -> 0 | I63: ='C'!AI90 -> 0 | J63: ='C'!AI114 -> 0 | K63: ='C'!AI138 -> 0 | L63: ='C'!AI162 -> 0 | M63: ='C'!AI186 -> 0 | N63: ='C'!AI210 -> 0 | O63: ='C'!AI234 -> 0 | P63: ='C'!AI258 -> 0 | Q63: ='C'!AI282 -> 0 | R63: =SUM(F63+G63+H63+I63+J63+K63+L63+M63+N63+O63+P63+Q63) -> 0 | S63: =SUM(E63-R63) -> 0 | U63: ='C'!AH18 -> 0 | V63: ='C'!AH42 -> 0 | W63: ='C'!AH66 -> 0 | X63: ='C'!AH90 -> 0 | Y63: ='C'!AH114 -> 0 | Z63: ='C'!AH138 -> 0 | AA63: ='C'!AH162 -> 0 | AB63: ='C'!AH186 -> 0 | AC63: ='C'!AH210 -> 0 | AD63: ='C'!AH234 -> 0 | AE63: ='C'!AH258 -> 0 | AF63: ='C'!AH282 -> 0 | AG63: =SUM(U63+V63+W63+X63+Y63+Z63+AA63+AB63+AC63+AD63+AE63+AF63) -> 0 | AH63: =SUM(13-AG63) -> 13
A64: Név16 | E64: =SUM(B64:D64) -> 0 | F64: ='C'!AI14 -> 0 | G64: ='C'!AI43 -> 0 | H64: ='C'!AI67 -> 0 | I64: ='C'!AI91 -> 0 | J64: ='C'!AI115 -> 0 | K64: ='C'!AI139 -> 0 | L64: ='C'!AI163 -> 0 | M64: ='C'!AI187 -> 0 | N64: ='C'!AI211 -> 0 | O64: ='C'!AI235 -> 0 | P64: ='C'!AI259 -> 0 | Q64: ='C'!AI283 -> 0 | R64: =SUM(F64+G64+H64+I64+J64+K64+L64+M64+N64+O64+P64+Q64) -> 0 | S64: =SUM(E64-R64) -> 0 | U64: ='C'!AH19 -> 0 | V64: ='C'!AH43 -> 0 | W64: ='C'!AH67 -> 0 | X64: ='C'!AH91 -> 0 | Y64: ='C'!AH115 -> 0 | Z64: ='C'!AH139 -> 0 | AA64: ='C'!AH163 -> 0 | AB64: ='C'!AH187 -> 0 | AC64: ='C'!AH211 -> 0 | AD64: ='C'!AH235 -> 0 | AE64: ='C'!AH259 -> 0 | AF64: ='C'!AH283 -> 0 | AG64: =SUM(U64+V64+W64+X64+Y64+Z64+AA64+AB64+AC64+AD64+AE64+AF64) -> 0 | AH64: =SUM(13-AG64) -> 13
A65: Név17 | E65: =SUM(B65:D65) -> 0 | F65: ='C'!AI15 -> 0 | G65: ='C'!AI44 -> 0 | H65: ='C'!AI68 -> 0 | I65: ='C'!AI92 -> 0 | J65: ='C'!AI116 -> 0 | K65: ='C'!AI140 -> 0 | L65: ='C'!AI164 -> 0 | M65: ='C'!AI188 -> 0 | N65: ='C'!AI212 -> 0 | O65: ='C'!AI236 -> 0 | P65: ='C'!AI260 -> 0 | Q65: ='C'!AI284 -> 0 | R65: =SUM(F65+G65+H65+I65+J65+K65+L65+M65+N65+O65+P65+Q65) -> 0 | S65: =SUM(E65-R65) -> 0 | U65: ='C'!AH20 -> 0 | V65: ='C'!AH44 -> 0 | W65: ='C'!AH68 -> 0 | X65: ='C'!AH92 -> 0 | Y65: ='C'!AH116 -> 0 | Z65: ='C'!AH140 -> 0 | AA65: ='C'!AH164 -> 0 | AB65: ='C'!AH188 -> 0 | AC65: ='C'!AH212 -> 0 | AD65: ='C'!AH236 -> 0 | AE65: ='C'!AH260 -> 0 | AF65: ='C'!AH284 -> 0 | AG65: =SUM(U65+V65+W65+X65+Y65+Z65+AA65+AB65+AC65+AD65+AE65+AF65) -> 0 | AH65: =SUM(13-AG65) -> 13
A66: Név18 | E66: =SUM(B66:D66) -> 0 | F66: ='C'!AI16 -> 0 | G66: ='C'!AI45 -> 0 | H66: ='C'!AI69 -> 0 | I66: ='C'!AI93 -> 0 | J66: ='C'!AI117 -> 0 | K66: ='C'!AI141 -> 0 | L66: ='C'!AI165 -> 0 | M66: ='C'!AI189 -> 0 | N66: ='C'!AI213 -> 0 | O66: ='C'!AI237 -> 0 | P66: ='C'!AI261 -> 0 | Q66: ='C'!AI285 -> 0 | R66: =SUM(F66+G66+H66+I66+J66+K66+L66+M66+N66+O66+P66+Q66) -> 0 | S66: =SUM(E66-R66) -> 0 | U66: ='C'!AH21 -> 0 | V66: ='C'!AH45 -> 0 | W66: ='C'!AH69 -> 0 | X66: ='C'!AH93 -> 0 | Y66: ='C'!AH117 -> 0 | Z66: ='C'!AH141 -> 0 | AA66: ='C'!AH165 -> 0 | AB66: ='C'!AH189 -> 0 | AC66: ='C'!AH213 -> 0 | AD66: ='C'!AH237 -> 0 | AE66: ='C'!AH261 -> 0 | AF66: ='C'!AH285 -> 0 | AG66: =SUM(U66+V66+W66+X66+Y66+Z66+AA66+AB66+AC66+AD66+AE66+AF66) -> 0 | AH66: =SUM(13-AG66) -> 13
A67: Név19 | E67: =SUM(B67:D67) -> 0 | F67: ='C'!AI17 -> 0 | G67: ='C'!AI46 -> 0 | H67: ='C'!AI70 -> 0 | I67: ='C'!AI94 -> 0 | J67: ='C'!AI118 -> 0 | K67: ='C'!AI142 -> 0 | L67: ='C'!AI166 -> 0 | M67: ='C'!AI190 -> 0 | N67: ='C'!AI214 -> 0 | O67: ='C'!AI238 -> 0 | P67: ='C'!AI262 -> 0 | Q67: ='C'!AI286 -> 0 | R67: =SUM(F67+G67+H67+I67+J67+K67+L67+M67+N67+O67+P67+Q67) -> 0 | S67: =SUM(E67-R67) -> 0 | U67: ='C'!AH22 -> 0 | V67: ='C'!AH46 -> 0 | W67: ='C'!AH70 -> 0 | X67: ='C'!AH94 -> 0 | Y67: ='C'!AH118 -> 0 | Z67: ='C'!AH142 -> 0 | AA67: ='C'!AH166 -> 0 | AB67: ='C'!AH190 -> 0 | AC67: ='C'!AH214 -> 0 | AD67: ='C'!AH238 -> 0 | AE67: ='C'!AH262 -> 0 | AF67: ='C'!AH286 -> 0 | AG67: =SUM(U67+V67+W67+X67+Y67+Z67+AA67+AB67+AC67+AD67+AE67+AF67) -> 0 | AH67: =SUM(13-AG67) -> 13
A68: Név20 | E68: =SUM(B68:D68) -> 0 | F68: ='C'!AI18 -> 0 | G68: ='C'!AI47 -> 0 | H68: ='C'!AI71 -> 0 | I68: ='C'!AI95 -> 0 | J68: ='C'!AI119 -> 0 | K68: ='C'!AI143 -> 0 | L68: ='C'!AI167 -> 0 | M68: ='C'!AI191 -> 0 | N68: ='C'!AI215 -> 0 | O68: ='C'!AI239 -> 0 | P68: ='C'!AI263 -> 0 | Q68: ='C'!AI287 -> 0 | R68: =SUM(F68+G68+H68+I68+J68+K68+L68+M68+N68+O68+P68+Q68) -> 0 | S68: =SUM(E68-R68) -> 0 | U68: ='C'!AH23 -> 0 | V68: ='C'!AH47 -> 0 | W68: ='C'!AH71 -> 0 | X68: ='C'!AH95 -> 0 | Y68: ='C'!AH119 -> 0 | Z68: ='C'!AH143 -> 0 | AA68: ='C'!AH167 -> 0 | AB68: ='C'!AH191 -> 0 | AC68: ='C'!AH215 -> 0 | AD68: ='C'!AH239 -> 0 | AE68: ='C'!AH263 -> 0 | AF68: ='C'!AH287 -> 0 | AG68: =SUM(U68+V68+W68+X68+Y68+Z68+AA68+AB68+AC68+AD68+AE68+AF68) -> 0 | AH68: =SUM(13-AG68) -> 13
A70: N é v | B70: Áth. | C70: 2020 | D70: Gye-rek | E70: Össz. | F70: I. | G70: II. | H70: III. | I70: IV. | J70: V. | K70: VI. | L70: VII | M70: VIII | N70: IX | O70: X | P70: XI | Q70: XII | R70: Szf | S70: M. | U70: I. | V70: II | W70: III | X70: IV | Y70: V | Z70: VI | AA70: VII | AB70: VIII | AC70: IX | AD70: X | AE70: XI | AF70: XII | AG70: + | AH70: M.
F71: szf | G71: szf | H71: szf | I71: szf | J71: szf | K71: szf | L71: szf | M71: szf | N71: szf | O71: szf | P71: szf | Q71: szf | S71: szf | U71: + | V71: + | W71: + | X71: + | Y71: + | Z71: + | AA71: + | AB71: + | AC71: + | AD71: + | AE71: + | AF71: + | AH71: +
A72: Daku Gábor | C72: 22 | E72: =SUM(B72:D72) -> 22 | F72: =D!AI4 -> 0 | G72: =D!AI28 -> 2 | H72: =D!AI52 -> 0 | I72: =D!AI76 -> 1 | J72: =D!AI100 -> 0 | K72: =D!AI124 -> 0 | L72: =D!AI148 -> 0 | M72: =D!AI172 -> 0 | N72: =D!AI196 -> 0 | O72: =D!AI220 -> 0 | P72: =D!AI244 -> 0 | Q72: =D!AI268 -> 0 | R72: =SUM(F72+G72+H72+I72+J72+K72+L72+M72+N72+O72+P72+Q72) -> 3 | S72: =SUM(E72-R72) -> 19 | U72: =D!AH4 -> 1 | V72: =D!AH28 -> 1 | W72: =D!AH52 -> 1 | X72: =D!AH76 -> 1 | Y72: =D!AH100 -> 0 | Z72: =D!AH124 -> 0 | AA72: =D!AH148 -> 0 | AB72: =D!AH172 -> 0 | AC72: =D!AH196 -> 0 | AD72: =D!AH220 -> 0 | AE72: =D!AH244 -> 0 | AF72: =D!AH268 -> 0 | AG72: =SUM(U72+V72+W72+X72+Y72+Z72+AA72+AB72+AC72+AD72+AE72+AF72) -> 4 | AH72: =SUM(16-AG72) -> 12
A73: Borbély Csaba | C73: 29 | D73: 4 | E73: =SUM(B73:D73) -> 33 | F73: =D!AI5 -> 0 | G73: =D!AI29 -> 0 | H73: =D!AI53 -> 1 | I73: =D!AI77 -> 0 | J73: =D!AI101 -> 0 | K73: =D!AI125 -> 0 | L73: =D!AI149 -> 0 | M73: =D!AI173 -> 0 | N73: =D!AI197 -> 0 | O73: =D!AI221 -> 0 | P73: =D!AI245 -> 0 | Q73: =D!AI269 -> 0 | R73: =SUM(F73+G73+H73+I73+J73+K73+L73+M73+N73+O73+P73+Q73) -> 1 | S73: =SUM(E73-R73) -> 32 | U73: =D!AH5 -> 1 | V73: =D!AH29 -> 3 | W73: =D!AH53 -> 1 | X73: =D!AH77 -> 1 | Y73: =D!AH101 -> 0 | Z73: =D!AH125 -> 0 | AA73: =D!AH149 -> 0 | AB73: =D!AH173 -> 0 | AC73: =D!AH197 -> 0 | AD73: =D!AH221 -> 0 | AE73: =D!AH245 -> 0 | AF73: =D!AH269 -> 0 | AG73: =SUM(U73+V73+W73+X73+Y73+Z73+AA73+AB73+AC73+AD73+AE73+AF73) -> 6 | AH73: =SUM(16-AG73) -> 10
A74: Erdei Bálint | C74: 30 | E74: =SUM(B74:D74) -> 30 | F74: =D!AI6 -> 0 | G74: =D!AI30 -> 1 | H74: =D!AI54 -> 0 | I74: =D!AI78 -> 1 | J74: =D!AI102 -> 0 | K74: =D!AI126 -> 0 | L74: =D!AI150 -> 0 | M74: =D!AI174 -> 0 | N74: =D!AI198 -> 0 | O74: =D!AI222 -> 0 | P74: =D!AI246 -> 0 | Q74: =D!AI270 -> 0 | R74: =SUM(F74+G74+H74+I74+J74+K74+L74+M74+N74+O74+P74+Q74) -> 2 | S74: =SUM(E74-R74) -> 28 | U74: =D!AH6 -> 1 | V74: =D!AH30 -> 1 | W74: =D!AH54 -> 1 | X74: =D!AH78 -> 1 | Y74: =D!AH102 -> 0 | Z74: =D!AH126 -> 0 | AA74: =D!AH150 -> 0 | AB74: =D!AH174 -> 0 | AC74: =D!AH198 -> 0 | AD74: =D!AH222 -> 0 | AE74: =D!AH246 -> 0 | AF74: =D!AH270 -> 0 | AG74: =SUM(U74+V74+W74+X74+Y74+Z74+AA74+AB74+AC74+AD74+AE74+AF74) -> 4 | AH74: =SUM(16-AG74) -> 12
A75: Fábián Gábor | C75: 30 | E75: =SUM(B75:D75) -> 30 | F75: =D!AI7 -> 1 | G75: =D!AI31 -> 0 | H75: =D!AI55 -> 0 | I75: =D!AI79 -> 0 | J75: =D!AI103 -> 0 | K75: =D!AI127 -> 0 | L75: =D!AI151 -> 0 | M75: =D!AI175 -> 0 | N75: =D!AI199 -> 0 | O75: =D!AI223 -> 0 | P75: =D!AI247 -> 0 | Q75: =D!AI271 -> 0 | R75: =SUM(F75+G75+H75+I75+J75+K75+L75+M75+N75+O75+P75+Q75) -> 1 | S75: =SUM(E75-R75) -> 29 | U75: =D!AH7 -> 1 | V75: =D!AH31 -> 1 | W75: =D!AH55 -> 0 | X75: =D!AH79 -> 1 | Y75: =D!AH103 -> 0 | Z75: =D!AH127 -> 0 | AA75: =D!AH151 -> 0 | AB75: =D!AH175 -> 0 | AC75: =D!AH199 -> 0 | AD75: =D!AH223 -> 0 | AE75: =D!AH247 -> 0 | AF75: =D!AH271 -> 0 | AG75: =SUM(U75+V75+W75+X75+Y75+Z75+AA75+AB75+AC75+AD75+AE75+AF75) -> 3 | AH75: =SUM(16-AG75) -> 13
A76: Gellei Zsolt | C76: 25 | E76: =SUM(B76:D76) -> 25 | F76: =D!AI8 -> 0 | G76: =D!AI32 -> 1 | H76: =D!AI56 -> 0 | I76: =D!AI80 -> 0 | J76: =D!AI104 -> 0 | K76: =D!AI128 -> 0 | L76: =D!AI152 -> 0 | M76: =D!AI176 -> 0 | N76: =D!AI200 -> 0 | O76: =D!AI224 -> 0 | P76: =D!AI248 -> 0 | Q76: =D!AI272 -> 0 | R76: =SUM(F76+G76+H76+I76+J76+K76+L76+M76+N76+O76+P76+Q76) -> 1 | S76: =SUM(E76-R76) -> 24 | U76: =D!AH8 -> 1 | V76: =D!AH32 -> 1 | W76: =D!AH56 -> 1 | X76: =D!AH80 -> 1 | Y76: =D!AH104 -> 0 | Z76: =D!AH128 -> 0 | AA76: =D!AH152 -> 0 | AB76: =D!AH176 -> 0 | AC76: =D!AH200 -> 0 | AD76: =D!AH224 -> 0 | AE76: =D!AH248 -> 0 | AF76: =D!AH272 -> 0 | AG76: =SUM(U76+V76+W76+X76+Y76+Z76+AA76+AB76+AC76+AD76+AE76+AF76) -> 4 | AH76: =SUM(16-AG76) -> 12
A77: Kiss Gyula | C77: 25 | D77: 2 | E77: =SUM(B77:D77) -> 27 | F77: =D!AI9 -> 0 | G77: =D!AI33 -> 1 | H77: =D!AI57 -> 2 | I77: =D!AI81 -> 2 | J77: =D!AI105 -> 0 | K77: =D!AI129 -> 0 | L77: =D!AI153 -> 0 | M77: =D!AI177 -> 0 | N77: =D!AI201 -> 0 | O77: =D!AI225 -> 0 | P77: =D!AI249 -> 0 | Q77: =D!AI273 -> 0 | R77: =SUM(F77+G77+H77+I77+J77+K77+L77+M77+N77+O77+P77+Q77) -> 5 | S77: =SUM(E77-R77) -> 22 | U77: =D!AH9 -> 1 | V77: =D!AH33 -> 1 | W77: =D!AH57 -> 1 | X77: =D!AH81 -> 1 | Y77: =D!AH105 -> 0 | Z77: =D!AH129 -> 0 | AA77: =D!AH153 -> 0 | AB77: =D!AH177 -> 0 | AC77: =D!AH201 -> 0 | AD77: =D!AH225 -> 0 | AE77: =D!AH249 -> 0 | AF77: =D!AH273 -> 0 | AG77: =SUM(U77+V77+W77+X77+Y77+Z77+AA77+AB77+AC77+AD77+AE77+AF77) -> 4 | AH77: =SUM(16-AG77) -> 12
A78: Nagy István | C78: 30 | D78: 2 | E78: =SUM(B78:D78) -> 32 | F78: =D!AI10 -> 0 | G78: =D!AI34 -> 1 | H78: =D!AI58 -> 0 | I78: =D!AI82 -> 0 | J78: =D!AI106 -> 1 | K78: =D!AI130 -> 0 | L78: =D!AI154 -> 2 | M78: =D!AI178 -> 0 | N78: =D!AI202 -> 0 | O78: =D!AI226 -> 0 | P78: =D!AI250 -> 0 | Q78: =D!AI274 -> 0 | R78: =SUM(F78+G78+H78+I78+J78+K78+L78+M78+N78+O78+P78+Q78) -> 4 | S78: =SUM(E78-R78) -> 28 | U78: =D!AH10 -> 0 | V78: =D!AH34 -> 2 | W78: =D!AH58 -> 2 | X78: =D!AH82 -> 1 | Y78: =D!AH106 -> 1 | Z78: =D!AH130 -> 0 | AA78: =D!AH154 -> 2 | AB78: =D!AH178 -> 0 | AC78: =D!AH202 -> 0 | AD78: =D!AH226 -> 0 | AE78: =D!AH250 -> 0 | AF78: =D!AH274 -> 0 | AG78: =SUM(U78+V78+W78+X78+Y78+Z78+AA78+AB78+AC78+AD78+AE78+AF78) -> 8 | AH78: =SUM(16-AG78) -> 8
A79: Fényi László | C79: 28 | D79: 4 | E79: =SUM(B79:D79) -> 32 | F79: =D!AI11 -> 0 | G79: =D!AI35 -> 0 | H79: =D!AI59 -> 0 | I79: =D!AI83 -> 0 | J79: =D!AI107 -> 0 | K79: =D!AI131 -> 0 | L79: =D!AI155 -> 0 | M79: =D!AI179 -> 0 | N79: =D!AI203 -> 0 | O79: =D!AI227 -> 0 | P79: =D!AI251 -> 0 | Q79: =D!AI275 -> 0 | R79: =SUM(F79+G79+H79+I79+J79+K79+L79+M79+N79+O79+P79+Q79) -> 0 | S79: =SUM(E79-R79) -> 32 | U79: =D!AH11 -> 1 | V79: =D!AH35 -> 0 | W79: =D!AH59 -> 0 | X79: =D!AH83 -> 0 | Y79: =D!AH107 -> 0 | Z79: =D!AH131 -> 0 | AA79: =D!AH155 -> 0 | AB79: =D!AH179 -> 0 | AC79: =D!AH203 -> 0 | AD79: =D!AH227 -> 0 | AE79: =D!AH251 -> 0 | AF79: =D!AH275 -> 0 | AG79: =SUM(U79+V79+W79+X79+Y79+Z79+AA79+AB79+AC79+AD79+AE79+AF79) -> 1 | AH79: =SUM(16-AG79) -> 15
A80: Név9 | E80: =SUM(B80:D80) -> 0 | F80: =D!AI12 -> 0 | G80: =D!AI36 -> 0 | H80: =D!AI60 -> 0 | I80: =D!AI84 -> 0 | J80: =D!AI108 -> 0 | K80: =D!AI132 -> 0 | L80: =D!AI156 -> 0 | M80: =D!AI180 -> 0 | N80: =D!AI204 -> 0 | O80: =D!AI228 -> 0 | P80: =D!AI252 -> 0 | Q80: =D!AI276 -> 0 | R80: =SUM(F80+G80+H80+I80+J80+K80+L80+M80+N80+O80+P80+Q80) -> 0 | S80: =SUM(E80-R80) -> 0 | U80: =D!AH12 -> 0 | V80: =D!AH36 -> 0 | W80: =D!AH60 -> 0 | X80: =D!AH84 -> 0 | Y80: =D!AH108 -> 0 | Z80: =D!AH132 -> 0 | AA80: =D!AH156 -> 0 | AB80: =D!AH180 -> 0 | AC80: =D!AH204 -> 0 | AD80: =D!AH228 -> 0 | AE80: =D!AH252 -> 0 | AF80: =D!AH276 -> 0 | AG80: =SUM(U80+V80+W80+X80+Y80+Z80+AA80+AB80+AC80+AD80+AE80+AF80) -> 0 | AH80: =SUM(13-AG80) -> 13
A81: Név10 | E81: =SUM(B81:D81) -> 0 | F81: =D!AI13 -> 0 | G81: =D!AI37 -> 0 | H81: =D!AI61 -> 0 | I81: =D!AI85 -> 0 | J81: =D!AI109 -> 0 | K81: =D!AI133 -> 0 | L81: =D!AI157 -> 0 | M81: =D!AI181 -> 0 | N81: =D!AI205 -> 0 | O81: =D!AI229 -> 0 | P81: =D!AI253 -> 0 | Q81: =D!AI277 -> 0 | R81: =SUM(F81+G81+H81+I81+J81+K81+L81+M81+N81+O81+P81+Q81) -> 0 | S81: =SUM(E81-R81) -> 0 | U81: =D!AH13 -> 0 | V81: =D!AH37 -> 0 | W81: =D!AH61 -> 0 | X81: =D!AH85 -> 0 | Y81: =D!AH109 -> 0 | Z81: =D!AH133 -> 0 | AA81: =D!AH157 -> 0 | AB81: =D!AH181 -> 0 | AC81: =D!AH205 -> 0 | AD81: =D!AH229 -> 0 | AE81: =D!AH253 -> 0 | AF81: =D!AH277 -> 0 | AG81: =SUM(U81+V81+W81+X81+Y81+Z81+AA81+AB81+AC81+AD81+AE81+AF81) -> 0 | AH81: =SUM(13-AG81) -> 13
A82: Név11 | E82: =SUM(B82:D82) -> 0 | F82: =D!AI14 -> 0 | G82: =D!AI38 -> 0 | H82: =D!AI62 -> 0 | I82: =D!AI86 -> 0 | J82: =D!AI110 -> 0 | K82: =D!AI134 -> 0 | L82: =D!AI158 -> 0 | M82: =D!AI182 -> 0 | N82: =D!AI206 -> 0 | O82: =D!AI230 -> 0 | P82: =D!AI254 -> 0 | Q82: =D!AI278 -> 0 | R82: =SUM(F82+G82+H82+I82+J82+K82+L82+M82+N82+O82+P82+Q82) -> 0 | S82: =SUM(E82-R82) -> 0 | U82: =D!AH14 -> 0 | V82: =D!AH38 -> 0 | W82: =D!AH62 -> 0 | X82: =D!AH86 -> 0 | Y82: =D!AH110 -> 0 | Z82: =D!AH134 -> 0 | AA82: =D!AH158 -> 0 | AB82: =D!AH182 -> 0 | AC82: =D!AH206 -> 0 | AD82: =D!AH230 -> 0 | AE82: =D!AH254 -> 0 | AF82: =D!AH278 -> 0 | AG82: =SUM(U82+V82+W82+X82+Y82+Z82+AA82+AB82+AC82+AD82+AE82+AF82) -> 0 | AH82: =SUM(13-AG82) -> 13
A83: Név12 | E83: =SUM(B83:D83) -> 0 | F83: =D!AI15 -> 0 | G83: =D!AI39 -> 0 | H83: =D!AI63 -> 0 | I83: =D!AI87 -> 0 | J83: =D!AI111 -> 0 | K83: =D!AI135 -> 0 | L83: =D!AI159 -> 0 | M83: =D!AI183 -> 0 | N83: =D!AI207 -> 0 | O83: =D!AI231 -> 0 | P83: =D!AI255 -> 0 | Q83: =D!AI279 -> 0 | R83: =SUM(F83+G83+H83+I83+J83+K83+L83+M83+N83+O83+P83+Q83) -> 0 | S83: =SUM(E83-R83) -> 0 | U83: =D!AH15 -> 0 | V83: =D!AH39 -> 0 | W83: =D!AH63 -> 0 | X83: =D!AH87 -> 0 | Y83: =D!AH111 -> 0 | Z83: =D!AH135 -> 0 | AA83: =D!AH159 -> 0 | AB83: =D!AH183 -> 0 | AC83: =D!AH207 -> 0 | AD83: =D!AH231 -> 0 | AE83: =D!AH255 -> 0 | AF83: =D!AH279 -> 0 | AG83: =SUM(U83+V83+W83+X83+Y83+Z83+AA83+AB83+AC83+AD83+AE83+AF83) -> 0 | AH83: =SUM(13-AG83) -> 13
A84: Név13 | E84: =SUM(B84:D84) -> 0 | F84: =D!AI16 -> 0 | G84: =D!AI40 -> 0 | H84: =D!AI64 -> 0 | I84: =D!AI88 -> 0 | J84: =D!AI112 -> 0 | K84: =D!AI136 -> 0 | L84: =D!AI160 -> 0 | M84: =D!AI184 -> 0 | N84: =D!AI208 -> 0 | O84: =D!AI232 -> 0 | P84: =D!AI256 -> 0 | Q84: =D!AI280 -> 0 | R84: =SUM(F84+G84+H84+I84+J84+K84+L84+M84+N84+O84+P84+Q84) -> 0 | S84: =SUM(E84-R84) -> 0 | U84: =D!AH16 -> 0 | V84: =D!AH40 -> 0 | W84: =D!AH64 -> 0 | X84: =D!AH88 -> 0 | Y84: =D!AH112 -> 0 | Z84: =D!AH136 -> 0 | AA84: =D!AH160 -> 0 | AB84: =D!AH184 -> 0 | AC84: =D!AH208 -> 0 | AD84: =D!AH232 -> 0 | AE84: =D!AH256 -> 0 | AF84: =D!AH280 -> 0 | AG84: =SUM(U84+V84+W84+X84+Y84+Z84+AA84+AB84+AC84+AD84+AE84+AF84) -> 0 | AH84: =SUM(13-AG84) -> 13
A85: Név14 | E85: =SUM(B85:D85) -> 0 | F85: =D!AI17 -> 0 | G85: =D!AI41 -> 0 | H85: =D!AI65 -> 0 | I85: =D!AI89 -> 0 | J85: =D!AI113 -> 0 | K85: =D!AI137 -> 0 | L85: =D!AI161 -> 0 | M85: =D!AI185 -> 0 | N85: =D!AI209 -> 0 | O85: =D!AI233 -> 0 | P85: =D!AI257 -> 0 | Q85: =D!AI281 -> 0 | R85: =SUM(F85+G85+H85+I85+J85+K85+L85+M85+N85+O85+P85+Q85) -> 0 | S85: =SUM(E85-R85) -> 0 | U85: =D!AH17 -> 0 | V85: =D!AH41 -> 0 | W85: =D!AH65 -> 0 | X85: =D!AH89 -> 0 | Y85: =D!AH113 -> 0 | Z85: =D!AH137 -> 0 | AA85: =D!AH161 -> 0 | AB85: =D!AH185 -> 0 | AC85: =D!AH209 -> 0 | AD85: =D!AH233 -> 0 | AE85: =D!AH257 -> 0 | AF85: =D!AH281 -> 0 | AG85: =SUM(U85+V85+W85+X85+Y85+Z85+AA85+AB85+AC85+AD85+AE85+AF85) -> 0 | AH85: =SUM(13-AG85) -> 13
A86: Név15 | E86: =SUM(B86:D86) -> 0 | F86: =D!AI18 -> 0 | G86: =D!AI42 -> 0 | H86: =D!AI66 -> 0 | I86: =D!AI90 -> 0 | J86: =D!AI114 -> 0 | K86: =D!AI138 -> 0 | L86: =D!AI162 -> 0 | M86: =D!AI186 -> 0 | N86: =D!AI210 -> 0 | O86: =D!AI234 -> 0 | P86: =D!AI258 -> 0 | Q86: =D!AI282 -> 0 | R86: =SUM(F86+G86+H86+I86+J86+K86+L86+M86+N86+O86+P86+Q86) -> 0 | S86: =SUM(E86-R86) -> 0 | U86: =D!AH18 -> 0 | V86: =D!AH42 -> 0 | W86: =D!AH66 -> 0 | X86: =D!AH90 -> 0 | Y86: =D!AH114 -> 0 | Z86: =D!AH138 -> 0 | AA86: =D!AH162 -> 0 | AB86: =D!AH186 -> 0 | AC86: =D!AH210 -> 0 | AD86: =D!AH234 -> 0 | AE86: =D!AH258 -> 0 | AF86: =D!AH282 -> 0 | AG86: =SUM(U86+V86+W86+X86+Y86+Z86+AA86+AB86+AC86+AD86+AE86+AF86) -> 0 | AH86: =SUM(13-AG86) -> 13
A87: Név16 | E87: =SUM(B87:D87) -> 0 | F87: =D!AI19 -> 0 | G87: =D!AI43 -> 0 | H87: =D!AI67 -> 0 | I87: =D!AI91 -> 0 | J87: =D!AI115 -> 0 | K87: =D!AI139 -> 0 | L87: =D!AI163 -> 0 | M87: =D!AI187 -> 0 | N87: =D!AI211 -> 0 | O87: =D!AI235 -> 0 | P87: =D!AI259 -> 0 | Q87: =D!AI283 -> 0 | R87: =SUM(F87+G87+H87+I87+J87+K87+L87+M87+N87+O87+P87+Q87) -> 0 | S87: =SUM(E87-R87) -> 0 | U87: =D!AH19 -> 0 | V87: =D!AH43 -> 0 | W87: =D!AH67 -> 0 | X87: =D!AH91 -> 0 | Y87: =D!AH115 -> 0 | Z87: =D!AH139 -> 0 | AA87: =D!AH163 -> 0 | AB87: =D!AH187 -> 0 | AC87: =D!AH211 -> 0 | AD87: =D!AH235 -> 0 | AE87: =D!AH259 -> 0 | AF87: =D!AH283 -> 0 | AG87: =SUM(U87+V87+W87+X87+Y87+Z87+AA87+AB87+AC87+AD87+AE87+AF87) -> 0 | AH87: =SUM(13-AG87) -> 13
A88: Név17 | E88: =SUM(B88:D88) -> 0 | F88: =D!AI20 -> 0 | G88: =D!AI44 -> 0 | H88: =D!AI68 -> 0 | I88: =D!AI92 -> 0 | J88: =D!AI116 -> 0 | K88: =D!AI140 -> 0 | L88: =D!AI164 -> 0 | M88: =D!AI188 -> 0 | N88: =D!AI212 -> 0 | O88: =D!AI236 -> 0 | P88: =D!AI260 -> 0 | Q88: =D!AI284 -> 0 | R88: =SUM(F88+G88+H88+I88+J88+K88+L88+M88+N88+O88+P88+Q88) -> 0 | S88: =SUM(E88-R88) -> 0 | U88: =D!AH20 -> 0 | V88: =D!AH44 -> 0 | W88: =D!AH68 -> 0 | X88: =D!AH92 -> 0 | Y88: =D!AH116 -> 0 | Z88: =D!AH140 -> 0 | AA88: =D!AH164 -> 0 | AB88: =D!AH188 -> 0 | AC88: =D!AH212 -> 0 | AD88: =D!AH236 -> 0 | AE88: =D!AH260 -> 0 | AF88: =D!AH284 -> 0 | AG88: =SUM(U88+V88+W88+X88+Y88+Z88+AA88+AB88+AC88+AD88+AE88+AF88) -> 0 | AH88: =SUM(13-AG88) -> 13
A89: Név18 | E89: =SUM(B89:D89) -> 0 | F89: =D!AI21 -> 0 | G89: =D!AI45 -> 0 | H89: =D!AI69 -> 0 | I89: =D!AI93 -> 0 | J89: =D!AI117 -> 0 | K89: =D!AI141 -> 0 | L89: =D!AI165 -> 0 | M89: =D!AI189 -> 0 | N89: =D!AI213 -> 0 | O89: =D!AI237 -> 0 | P89: =D!AI261 -> 0 | Q89: =D!AI285 -> 0 | R89: =SUM(F89+G89+H89+I89+J89+K89+L89+M89+N89+O89+P89+Q89) -> 0 | S89: =SUM(E89-R89) -> 0 | U89: =D!AH21 -> 0 | V89: =D!AH45 -> 0 | W89: =D!AH69 -> 0 | X89: =D!AH93 -> 0 | Y89: =D!AH117 -> 0 | Z89: =D!AH141 -> 0 | AA89: =D!AH165 -> 0 | AB89: =D!AH189 -> 0 | AC89: =D!AH213 -> 0 | AD89: =D!AH237 -> 0 | AE89: =D!AH261 -> 0 | AF89: =D!AH285 -> 0 | AG89: =SUM(U89+V89+W89+X89+Y89+Z89+AA89+AB89+AC89+AD89+AE89+AF89) -> 0 | AH89: =SUM(13-AG89) -> 13
A90: Név19 | E90: =SUM(B90:D90) -> 0 | F90: =D!AI22 -> 0 | G90: =D!AI46 -> 0 | H90: =D!AI70 -> 0 | I90: =D!AI94 -> 0 | J90: =D!AI118 -> 0 | K90: =D!AI142 -> 0 | L90: =D!AI166 -> 0 | M90: =D!AI190 -> 0 | N90: =D!AI214 -> 0 | O90: =D!AI238 -> 0 | P90: =D!AI262 -> 0 | Q90: =D!AI286 -> 0 | R90: =SUM(F90+G90+H90+I90+J90+K90+L90+M90+N90+O90+P90+Q90) -> 0 | S90: =SUM(E90-R90) -> 0 | U90: =D!AH22 -> 0 | V90: =D!AH46 -> 0 | W90: =D!AH70 -> 0 | X90: =D!AH94 -> 0 | Y90: =D!AH118 -> 0 | Z90: =D!AH142 -> 0 | AA90: =D!AH166 -> 0 | AB90: =D!AH190 -> 0 | AC90: =D!AH214 -> 0 | AD90: =D!AH238 -> 0 | AE90: =D!AH262 -> 0 | AF90: =D!AH286 -> 0 | AG90: =SUM(U90+V90+W90+X90+Y90+Z90+AA90+AB90+AC90+AD90+AE90+AF90) -> 0 | AH90: =SUM(13-AG90) -> 13
A91: Név20 | E91: =SUM(B91:D91) -> 0 | F91: =D!AI23 -> 0 | G91: =D!AI47 -> 0 | H91: =D!AI71 -> 0 | I91: =D!AI95 -> 0 | J91: =D!AI119 -> 0 | K91: =D!AI143 -> 0 | L91: =D!AI167 -> 0 | M91: =D!AI191 -> 0 | N91: =D!AI215 -> 0 | O91: =D!AI239 -> 0 | P91: =D!AI263 -> 0 | Q91: =D!AI287 -> 0 | R91: =SUM(F91+G91+H91+I91+J91+K91+L91+M91+N91+O91+P91+Q91) -> 0 | S91: =SUM(E91-R91) -> 0 | U91: =D!AH23 -> 0 | V91: =D!AH47 -> 0 | W91: =D!AH71 -> 0 | X91: =D!AH95 -> 0 | Y91: =D!AH119 -> 0 | Z91: =D!AH143 -> 0 | AA91: =D!AH167 -> 0 | AB91: =D!AH191 -> 0 | AC91: =D!AH215 -> 0 | AD91: =D!AH239 -> 0 | AE91: =D!AH263 -> 0 | AF91: =D!AH287 -> 0 | AG91: =SUM(U91+V91+W91+X91+Y91+Z91+AA91+AB91+AC91+AD91+AE91+AF91) -> 0 | AH91: =SUM(13-AG91) -> 13
A93: N é v | B93: Áth. | C93: 2020 | D93: Gye-rek | E93: Össz. | F93: I. | G93: II. | H93: III. | I93: IV. | J93: V. | K93: VI. | L93: VII | M93: VIII | N93: IX | O93: X | P93: XI | Q93: XII | R93: Szf | S93: M.
F94: szf | G94: szf | H94: szf | I94: szf | J94: szf | K94: szf | L94: szf | M94: szf | N94: szf | O94: szf | P94: szf | Q94: szf | S94: szf
A95: Kovács Kriszitán | C95: 30 | D95: 2 | E95: =SUM(B95:D95) -> 32 | F95: =N!AI4 -> 1 | G95: =N!AI28 -> 0 | H95: =N!AI52 -> 0 | I95: =N!AI76 -> 0 | J95: =N!AI100 -> 0 | K95: =N!AI124 -> 0 | L95: =N!AI148 -> 0 | M95: =N!AI172 -> 0 | N95: =N!AI196 -> 0 | O95: =N!AI220 -> 0 | P95: =N!AI244 -> 0 | Q95: =N!AI268 -> 0 | R95: =SUM(F95+G95+H95+I95+J95+K95+L95+M95+N95+O95+P95+Q95) -> 1 | S95: =SUM(E95-R95) -> 31
A96: Besse Éva | B96: 1 | C96: 30 | E96: =SUM(B96:D96) -> 31 | F96: =N!AI5 -> 1 | G96: =N!AI29 -> 0 | H96: =N!AI53 -> 0 | I96: =N!AI77 -> 0 | J96: =N!AI101 -> 0 | K96: =N!AI125 -> 0 | L96: =N!AI149 -> 0 | M96: =N!AI173 -> 0 | N96: =N!AI197 -> 0 | O96: =N!AI221 -> 0 | P96: =N!AI245 -> 0 | Q96: =N!AI269 -> 0 | R96: =SUM(F96+G96+H96+I96+J96+K96+L96+M96+N96+O96+P96+Q96) -> 1 | S96: =SUM(E96-R96) -> 30
A97: Oláh Erika | C97: 30 | E97: =SUM(B97:D97) -> 30 | F97: =N!AI6 -> 0 | G97: =N!AI30 -> 1 | H97: =N!AI54 -> 0 | I97: =N!AI78 -> 0 | J97: =N!AI102 -> 0 | K97: =N!AI126 -> 0 | L97: =N!AI150 -> 0 | M97: =N!AI174 -> 0 | N97: =N!AI198 -> 0 | O97: =N!AI222 -> 0 | P97: =N!AI246 -> 0 | Q97: =N!AI270 -> 0 | R97: =SUM(F97+G97+H97+I97+J97+K97+L97+M97+N97+O97+P97+Q97) -> 1 | S97: =SUM(E97-R97) -> 29
A98: Bulyáki Csaba | B98: 1 | C98: 24 | D98: 4 | E98: =SUM(B98:D98) -> 29 | F98: =N!AI7 -> 1 | G98: =N!AI31 -> 2 | H98: =N!AI55 -> 3 | I98: =N!AI79 -> 0 | J98: =N!AI103 -> 0 | K98: =N!AI127 -> 0 | L98: =N!AI151 -> 0 | M98: =N!AI175 -> 1 | N98: =N!AI199 -> 0 | O98: =N!AI223 -> 0 | P98: =N!AI247 -> 0 | Q98: =N!AI271 -> 8 | R98: =SUM(F98+G98+H98+I98+J98+K98+L98+M98+N98+O98+P98+Q98) -> 15 | S98: =SUM(E98-R98) -> 14
A99: Fekete Tamás | B99: 1 | C99: 30 | D99: 2 | E99: =SUM(B99:D99) -> 33 | F99: =N!AI8 -> 1 | G99: =N!AI32 -> 1 | H99: =N!AI56 -> 0 | I99: =N!AI80 -> 0 | J99: =N!AI104 -> 0 | K99: =N!AI128 -> 0 | L99: =N!AI152 -> 0 | M99: =N!AI176 -> 0 | N99: =N!AI200 -> 0 | O99: =N!AI224 -> 0 | P99: =N!AI248 -> 0 | Q99: =N!AI272 -> 0 | R99: =SUM(F99+G99+H99+I99+J99+K99+L99+M99+N99+O99+P99+Q99) -> 2 | S99: =SUM(E99-R99) -> 31
A100: Péter Csaba | B100: 1 | C100: 26 | D100: 7 | E100: =SUM(B100:D100) -> 34 | F100: =N!AI9 -> 2 | G100: =N!AI33 -> 0 | H100: =N!AI57 -> 0 | I100: =N!AI81 -> 0 | J100: =N!AI105 -> 0 | K100: =N!AI129 -> 0 | L100: =N!AI153 -> 0 | M100: =N!AI177 -> 0 | N100: =N!AI201 -> 0 | O100: =N!AI225 -> 0 | P100: =N!AI249 -> 0 | Q100: =N!AI273 -> 0 | R100: =SUM(F100+G100+H100+I100+J100+K100+L100+M100+N100+O100+P100+Q100) -> 2 | S100: =SUM(E100-R100) -> 32
A101: Tóth János | C101: 30 | E101: =SUM(B101:D101) -> 30 | F101: =N!AI10 -> 0 | G101: =N!AI34 -> 0 | H101: =N!AI58 -> 0 | I101: =N!AI82 -> 3 | J101: =N!AI106 -> 0 | K101: =N!AI130 -> 0 | L101: =N!AI154 -> 0 | M101: =N!AI178 -> 0 | N101: =N!AI202 -> 0 | O101: =N!AI226 -> 0 | P101: =N!AI250 -> 0 | Q101: =N!AI274 -> 0 | R101: =SUM(F101+G101+H101+I101+J101+K101+L101+M101+N101+O101+P101+Q101) -> 3 | S101: =SUM(E101-R101) -> 27
A102: Tóth Krisztián | B102: 1 | C102: 22 | E102: =SUM(B102:D102) -> 23 | F102: =N!AI11 -> 2 | G102: =N!AI35 -> 0 | H102: =N!AI59 -> 0 | I102: =N!AI83 -> 0 | J102: =N!AI107 -> 0 | K102: =N!AI131 -> 0 | L102: =N!AI155 -> 0 | M102: =N!AI179 -> 0 | N102: =N!AI203 -> 0 | O102: =N!AI227 -> 0 | P102: =N!AI251 -> 0 | Q102: =N!AI275 -> 0 | R102: =SUM(F102+G102+H102+I102+J102+K102+L102+M102+N102+O102+P102+Q102) -> 2 | S102: =SUM(E102-R102) -> 21
A103: Tassi Szilárd | C103: 28 | E103: =SUM(B103:D103) -> 28 | F103: =N!AI12 -> 1 | G103: =N!AI36 -> 0 | H103: =N!AI60 -> 0 | I103: =N!AI84 -> 0 | J103: =N!AI108 -> 0 | K103: =N!AI132 -> 0 | L103: =N!AI156 -> 5 | M103: =N!AI180 -> 0 | N103: =N!AI204 -> 0 | O103: =N!AI228 -> 0 | P103: =N!AI252 -> 0 | Q103: =N!AI276 -> 0 | R103: =SUM(F103+G103+H103+I103+J103+K103+L103+M103+N103+O103+P103+Q103) -> 6 | S103: =SUM(E103-R103) -> 22
A104: Dancsi Attila | B104: 1 | C104: 24 | E104: =SUM(B104:D104) -> 25 | F104: =N!AI13 -> 1 | G104: =N!AI37 -> 0 | H104: =N!AI61 -> 0 | I104: =N!AI85 -> 1 | J104: =N!AI109 -> 0 | K104: =N!AI133 -> 0 | L104: =N!AI157 -> 0 | M104: =N!AI181 -> 0 | N104: =N!AI205 -> 0 | O104: =N!AI229 -> 0 | P104: =N!AI253 -> 0 | Q104: =N!AI277 -> 0 | R104: =SUM(F104+G104+H104+I104+J104+K104+L104+M104+N104+O104+P104+Q104) -> 2 | S104: =SUM(E104-R104) -> 23
...

Sheet A
A1: JANUÁR | B1: 1 | C1: 2 | D1: 3 | E1: 4 | F1: 5 | G1: 6 | H1: 7 | I1: 8 | J1: 9 | K1: 10 | L1: 11 | M1: 12 | N1: 13 | O1: 14 | P1: 15 | Q1: 16 | R1: 17 | S1: 18 | T1: 19 | U1: 20 | V1: 21 | W1: 22 | X1: 23 | Y1: 24 | Z1: 25 | AA1: 26 | AB1: 27 | AC1: 28 | AD1: 29 | AE1: 30 | AF1: 31 | AH1: + | AI1: SZF
B2: ='2020'!B4 -> Sze | C2: ='2020'!C4 -> Cs | D2: ='2020'!D4 -> P | E2: ='2020'!E4 -> Szo | F2: ='2020'!F4 -> V | G2: ='2020'!G4 -> H | H2: ='2020'!H4 -> K | I2: ='2020'!I4 -> Sze | ... AF2: ='2020'!AF4 -> P
B3: ='2020'!B5 -> 3 | C3: ='2020'!C5 -> 3 | D3: ='2020'!D5 -> X | E3: ='2020'!E5 -> X | F3: ='2020'!F5 -> 2 | G3: ='2020'!G5 -> 2 | H3: ='2020'!H5 -> 2 | I3: ='2020'!I5 -> 2 | ... AF3: ='2020'!AF5 -> 2
A4: =ÖSSZES!$A$3 -> Csuka Lajos | D4: X | E4: X | L4: X | M4: X | S4: + | T4: X | U4: X | AB4: X | AC4: X | AF4: szf | AH4: =1*COUNTIF(A4:AF4,"+") -> 1 | AI4: =1*COUNTIF(B4:AF4,"szf") -> 1
A5: =ÖSSZES!$A$4 -> Batiz Attila | D5: X | E5: X | L5: X | M5: X | T5: X | U5: X | AA5: + | AB5: X | AC5: X | AH5: =1*COUNTIF(A5:AF5,"+") -> 1 | AI5: =1*COUNTIF(B5:AF5,"szf") -> 0
A6: =ÖSSZES!$A$5 -> Mizsák Péter | B6: szf | C6: + | D6: X | E6: X | L6: X | M6: X | T6: X | U6: X | AB6: X | AC6: X | AF6: 5.5 | AH6: =1*COUNTIF(A6:AF6,"+") -> 1 | AI6: =1*COUNTIF(B6:AF6,"szf") -> 1
A7: =ÖSSZES!$A$6 -> Füredi Antal | D7: X | E7: X | L7: X | M7: X | T7: X | U7: X | AB7: X | AC7: X | AH7: =1*COUNTIF(A7:AF7,"+") -> 0 | AI7: =1*COUNTIF(B7:AF7,"szf") -> 0
A8: =ÖSSZES!$A$7 -> Iványi István | D8: X | E8: X | F8: + | I8: 4 | K8: szf | L8: X | M8: X | T8: X | U8: X | AB8: X | AC8: X | AF8: 4 | AH8: =1*COUNTIF(A8:AF8,"+") -> 1 | AI8: =1*COUNTIF(B8:AF8,"szf") -> 1
A9: =ÖSSZES!$A$8 -> Katonka Tibor | D9: X | E9: X | L9: X | M9: X | T9: X | U9: X | AA9: + | AB9: X | AC9: X | AH9: =1*COUNTIF(A9:AF9,"+") -> 1 | AI9: =1*COUNTIF(B9:AF9,"szf") -> 0
A10: =ÖSSZES!$A$9 -> Kiss János Tamás | D10: X | E10: X | L10: X | M10: X | S10: + | T10: X | U10: X | AB10: X | AC10: X | AH10: =1*COUNTIF(A10:AF10,"+") -> 1 | AI10: =1*COUNTIF(B10:AF10,"szf") -> 0
A11: =ÖSSZES!$A$10 -> Vatamány Gergő | D11: X | E11: X | L11: X | M11: X | T11: X | U11: X | AB11: X | AC11: X | AH11: =1*COUNTIF(A11:AF11,"+") -> 0 | AI11: =1*COUNTIF(B11:AF11,"szf") -> 0
A12: =ÖSSZES!$A$11 -> Név9 | D12: X | E12: X | L12: X | M12: X | T12: X | U12: X | AB12: X | AC12: X | AH12: =1*COUNTIF(A12:AF12,"+") -> 0 | AI12: =1*COUNTIF(B12:AF12,"szf") -> 0
A13: =ÖSSZES!$A$12 -> Név10 | D13: X | E13: X | L13: X | M13: X | T13: X | U13: X | AB13: X | AC13: X | AH13: =1*COUNTIF(A13:AF13,"+") -> 0 | AI13: =1*COUNTIF(B13:AF13,"szf") -> 0
A14: =ÖSSZES!$A$13 -> Név11 | D14: X | E14: X | L14: X | M14: X | T14: X | U14: X | AB14: X | AC14: X | AH14: =1*COUNTIF(A14:AF14,"+") -> 0 | AI14: =1*COUNTIF(B14:AF14,"szf") -> 0
A15: =ÖSSZES!$A$14 -> Név12 | D15: X | E15: X | L15: X | M15: X | T15: X | U15: X | AB15: X | AC15: X | AH15: =1*COUNTIF(A15:AF15,"+") -> 0 | AI15: =1*COUNTIF(B15:AF15,"szf") -> 0
A16: =ÖSSZES!$A$15 -> Név13 | D16: X | E16: X | L16: X | M16: X | T16: X | U16: X | AB16: X | AC16: X | AH16: =1*COUNTIF(A16:AF16,"+") -> 0 | AI16: =1*COUNTIF(B16:AF16,"szf") -> 0
A17: =ÖSSZES!$A$16 -> Név14 | D17: X | E17: X | L17: X | M17: X | T17: X | U17: X | AB17: X | AC17: X | AH17: =1*COUNTIF(A17:AF17,"+") -> 0 | AI17: =1*COUNTIF(B17:AF17,"szf") -> 0
A18: =ÖSSZES!$A$17 -> Név15 | D18: X | E18: X | L18: X | M18: X | T18: X | U18: X | AB18: X | AC18: X | AH18: =1*COUNTIF(A18:AF18,"+") -> 0 | AI18: =1*COUNTIF(B18:AF18,"szf") -> 0
A19: =ÖSSZES!$A$18 -> Név16 | D19: X | E19: X | L19: X | M19: X | T19: X | U19: X | AB19: X | AC19: X | AH19: =1*COUNTIF(A19:AF19,"+") -> 0 | AI19: =1*COUNTIF(B19:AF19,"szf") -> 0
A20: =ÖSSZES!$A$19 -> Név17 | D20: X | E20: X | L20: X | M20: X | T20: X | U20: X | AB20: X | AC20: X | AH20: =1*COUNTIF(A20:AF20,"+") -> 0 | AI20: =1*COUNTIF(B20:AF20,"szf") -> 0
A21: =ÖSSZES!$A$20 -> Név18 | D21: X | E21: X | L21: X | M21: X | T21: X | U21: X | AB21: X | AC21: X | AH21: =1*COUNTIF(A21:AF21,"+") -> 0 | AI21: =1*COUNTIF(B21:AF21,"szf") -> 0
A22: =ÖSSZES!$A$21 -> Név19 | D22: X | E22: X | L22: X | M22: X | T22: X | U22: X | AB22: X | AC22: X | AH22: =1*COUNTIF(A22:AF22,"+") -> 0 | AI22: =1*COUNTIF(B22:AF22,"szf") -> 0
A23: =ÖSSZES!$A$22 -> Név20 | D23: X | E23: X | L23: X | M23: X | T23: X | U23: X | AB23: X | AC23: X | AH23: =1*COUNTIF(A23:AF23,"+") -> 0 | AI23: =1*COUNTIF(B23:AF23,"szf") -> 0
A25: FEBRUÁR | B25: 1 | C25: 2 | D25: 3 | E25: 4 | F25: 5 | G25: 6 | H25: 7 | I25: 8 | J25: 9 | K25: 10 | L25: 11 | M25: 12 | N25: 13 | O25: 14 | P25: 15 | Q25: 16 | R25: 17 | S25: 18 | T25: 19 | U25: 20 | V25: 21 | W25: 22 | X25: 23 | Y25: 24 | Z25: 25 | AA25: 26 | AB25: 27 | AC25: 28 | AD25: 29 | AH25: + | AI25: SZF
B26: ='2020'!B12 -> Szo | C26: ='2020'!C12 -> V | D26: ='2020'!D12 -> H | E26: ='2020'!E12 -> K | F26: ='2020'!F12 -> Sze | G26: ='2020'!G12 -> Cs | H26: ='2020'!H12 -> P | I26: ='2020'!I12 -> Szo | ... AD26: ='2020'!AD12 -> Szo
B27: ='2020'!B13 -> 2 | C27: ='2020'!C13 -> 2 | D27: ='2020'!D13 -> 2 | E27: ='2020'!E13 -> X | F27: ='2020'!F13 -> X | G27: ='2020'!G13 -> 1 | H27: ='2020'!H13 -> 1 | I27: ='2020'!I13 -> 1 | ... AD27: ='2020'!AD13 -> X
A28: =ÖSSZES!$A$3 -> Csuka Lajos | E28: X | F28: X | I28: + | J28: Szf | M28: X | N28: X | U28: X | V28: X | AC28: X | AD28: X | AH28: =1*COUNTIF(A28:AF28,"+") -> 1 | AI28: =1*COUNTIF(B28:AF28,"szf") -> 1
A29: =ÖSSZES!$A$4 -> Batiz Attila | E29: X | F29: X | M29: X | N29: X | U29: X | V29: X | AA29: + | AB29: + | AC29: X | AD29: X | AH29: =1*COUNTIF(A29:AF29,"+") -> 2 | AI29: =1*COUNTIF(B29:AF29,"szf") -> 0
A30: =ÖSSZES!$A$5 -> Mizsák Péter | E30: X | F30: X | M30: X | N30: X | U30: X | V30: X | AC30: X | AD30: X | AH30: =1*COUNTIF(A30:AF30,"+") -> 0 | AI30: =1*COUNTIF(B30:AF30,"szf") -> 0
A31: =ÖSSZES!$A$6 -> Füredi Antal | E31: X | F31: X | M31: X | N31: X | U31: X | V31: X | W31: + | X31: Szf | AC31: X | AD31: X | AH31: =1*COUNTIF(A31:AF31,"+") -> 1 | AI31: =1*COUNTIF(B31:AF31,"szf") -> 1
A32: =ÖSSZES!$A$7 -> Iványi István | B32: Szf | C32: + | D32: szf | E32: X | F32: X | M32: X | N32: X | P32: Szf | U32: X | V32: X | W32: B | X32: B | Y32: B | Z32: B | AA32: B | AB32: B | AC32: X | AD32: X | AH32: =1*COUNTIF(A32:AF32,"+") -> 1 | AI32: =1*COUNTIF(B32:AF32,"szf") -> 3
A33: =ÖSSZES!$A$8 -> Katonka Tibor | E33: X | F33: X | M33: X | N33: X | T33: + | U33: X | V33: X | AC33: X | AD33: X | AH33: =1*COUNTIF(A33:AF33,"+") -> 1 | AI33: =1*COUNTIF(B33:AF33,"szf") -> 0
A34: =ÖSSZES!$A$9 -> Kiss János Tamás | B34: + | E34: X | F34: X | M34: X | N34: X | U34: X | V34: X | AC34: X | AD34: X | AH34: =1*COUNTIF(A34:AF34,"+") -> 1 | AI34: =1*COUNTIF(B34:AF34,"szf") -> 0
A35: =ÖSSZES!$A$10 -> Vatamány Gergő | E35: X | F35: X | M35: X | N35: X | U35: X | V35: X | AC35: X | AD35: X | AH35: =1*COUNTIF(A35:AF35,"+") -> 0 | AI35: =1*COUNTIF(B35:AF35,"szf") -> 0
A36: =ÖSSZES!$A$11 -> Név9 | E36: X | F36: X | M36: X | N36: X | U36: X | V36: X | AC36: X | AD36: X | AH36: =1*COUNTIF(A36:AF36,"+") -> 0 | AI36: =1*COUNTIF(B36:AF36,"szf") -> 0
A37: =ÖSSZES!$A$12 -> Név10 | E37: X | F37: X | M37: X | N37: X | U37: X | V37: X | AC37: X | AD37: X | AH37: =1*COUNTIF(A37:AF37,"+") -> 0 | AI37: =1*COUNTIF(B37:AF37,"szf") -> 0
A38: =ÖSSZES!$A$13 -> Név11 | E38: X | F38: X | M38: X | N38: X | U38: X | V38: X | AC38: X | AD38: X | AH38: =1*COUNTIF(A38:AF38,"+") -> 0 | AI38: =1*COUNTIF(B38:AF38,"szf") -> 0
A39: =ÖSSZES!$A$14 -> Név12 | E39: X | F39: X | M39: X | N39: X | U39: X | V39: X | AC39: X | AD39: X | AH39: =1*COUNTIF(A39:AF39,"+") -> 0 | AI39: =1*COUNTIF(B39:AF39,"szf") -> 0
A40: =ÖSSZES!$A$15 -> Név13 | E40: X | F40: X | M40: X | N40: X | U40: X | V40: X | AC40: X | AD40: X | AH40: =1*COUNTIF(A40:AF40,"+") -> 0 | AI40: =1*COUNTIF(B40:AF40,"szf") -> 0
A41: =ÖSSZES!$A$16 -> Név14 | E41: X | F41: X | M41: X | N41: X | U41: X | V41: X | AC41: X | AD41: X | AH41: =1*COUNTIF(A41:AF41,"+") -> 0 | AI41: =1*COUNTIF(B41:AF41,"szf") -> 0
A42: =ÖSSZES!$A$17 -> Név15 | E42: X | F42: X | M42: X | N42: X | U42: X | V42: X | AC42: X | AD42: X | AH42: =1*COUNTIF(A42:AF42,"+") -> 0 | AI42: =1*COUNTIF(B42:AF42,"szf") -> 0
A43: =ÖSSZES!$A$18 -> Név16 | E43: X | F43: X | M43: X | N43: X | U43: X | V43: X | AC43: X | AD43: X | AH43: =1*COUNTIF(A43:AF43,"+") -> 0 | AI43: =1*COUNTIF(B43:AF43,"szf") -> 0
A44: =ÖSSZES!$A$19 -> Név17 | E44: X | F44: X | M44: X | N44: X | U44: X | V44: X | AC44: X | AD44: X | AH44: =1*COUNTIF(A44:AF44,"+") -> 0 | AI44: =1*COUNTIF(B44:AF44,"szf") -> 0
A45: =ÖSSZES!$A$20 -> Név18 | E45: X | F45: X | M45: X | N45: X | U45: X | V45: X | AC45: X | AD45: X | AH45: =1*COUNTIF(A45:AF45,"+") -> 0 | AI45: =1*COUNTIF(B45:AF45,"szf") -> 0
A46: =ÖSSZES!$A$21 -> Név19 | E46: X | F46: X | M46: X | N46: X | U46: X | V46: X | AC46: X | AD46: X | AH46: =1*COUNTIF(A46:AF46,"+") -> 0 | AI46: =1*COUNTIF(B46:AF46,"szf") -> 0
A47: =ÖSSZES!$A$17 -> Név15 | E47: X | F47: X | M47: X | N47: X | U47: X | V47: X | AC47: X | AD47: X | AH47: =1*COUNTIF(A47:AF47,"+") -> 0 | AI47: =1*COUNTIF(B47:AF47,"szf") -> 0
A49: MÁRCIUS | B49: 1 | C49: 2 | D49: 3 | E49: 4 | F49: 5 | G49: 6 | H49: 7 | I49: 8 | J49: 9 | K49: 10 | L49: 11 | M49: 12 | N49: 13 | O49: 14 | P49: 15 | Q49: 16 | R49: 17 | S49: 18 | T49: 19 | U49: 20 | V49: 21 | W49: 22 | X49: 23 | Y49: 24 | Z49: 25 | AA49: 26 | AB49: 27 | AC49: 28 | AD49: 29 | AE49: 30 | AF49: 31 | AH49: + | AI49: SZF
B50: ='2020'!B20 -> V | C50: ='2020'!C20 -> H | D50: ='2020'!D20 -> K | E50: ='2020'!E20 -> Sze | F50: ='2020'!F20 -> Cs | G50: ='2020'!G20 -> P | H50: ='2020'!H20 -> Szo | I50: ='2020'!I20 -> V | ... AF50: ='2020'!AF20 -> K
B51: ='2020'!B21 -> 1 | C51: ='2020'!C21 -> 1 | D51: ='2020'!D21 -> 1 | E51: ='2020'!E21 -> 1 | F51: ='2020'!F21 -> 1 | G51: ='2020'!G21 -> 1 | H51: ='2020'!H21 -> X | I51: ='2020'!I21 -> X | ... AF51: ='2020'!AF21 -> X
A52: =ÖSSZES!$A$3 -> Csuka Lajos | H52: X | I52: X | M52: + | N52: + | O52: Szf | P52: X | Q52: X | X52: X | Y52: X | AD52: szf | AE52: szf | AF52: X | AH52: =1*COUNTIF(A52:AF52,"+") -> 2 | AI52: =1*COUNTIF(B52:AF52,"szf") -> 3
A53: =ÖSSZES!$A$4 -> Batiz Attila | H53: X | I53: X | P53: X | Q53: X | X53: X | Y53: X | AF53: X | AH53: =1*COUNTIF(A53:AF53,"+") -> 0 | AI53: =1*COUNTIF(B53:AF53,"szf") -> 0
A54: =ÖSSZES!$A$5 -> Mizsák Péter | B54: + | H54: X | I54: X | P54: X | Q54: X | X54: X | Y54: X | AF54: X | AH54: =1*COUNTIF(A54:AF54,"+") -> 1 | AI54: =1*COUNTIF(B54:AF54,"szf") -> 0
A55: =ÖSSZES!$A$6 -> Füredi Antal | H55: X | I55: X | P55: X | Q55: X | X55: X | Y55: X | AF55: X | AH55: =1*COUNTIF(A55:AF55,"+") -> 0 | AI55: =1*COUNTIF(B55:AF55,"szf") -> 0
A56: =ÖSSZES!$A$7 -> Iványi István | B56: B | H56: X | I56: X | P56: X | Q56: X | V56: + | W56: Szf | X56: X | Y56: X | AB56: szf | AF56: X | AH56: =1*COUNTIF(A56:AF56,"+") -> 1 | AI56: =1*COUNTIF(B56:AF56,"szf") -> 2
A57: =ÖSSZES!$A$8 -> Katonka Tibor | H57: X | I57: X | P57: X | Q57: X | X57: X | Y57: X | AF57: X | AH57: =1*COUNTIF(A57:AF57,"+") -> 0 | AI57: =1*COUNTIF(B57:AF57,"szf") -> 0
A58: =ÖSSZES!$A$9 -> Kiss János Tamás | H58: X | I58: X | P58: X | Q58: X | X58: X | Y58: X | AF58: X | AH58: =1*COUNTIF(A58:AF58,"+") -> 0 | AI58: =1*COUNTIF(B58:AF58,"szf") -> 0
A59: =ÖSSZES!$A$10 -> Vatamány Gergő | H59: X | I59: X | P59: X | Q59: X | X59: X | Y59: X | AC59: + | AD59: + | AE59: + | AF59: X | AH59: =1*COUNTIF(A59:AF59,"+") -> 3 | AI59: =1*COUNTIF(B59:AF59,"szf") -> 0
A60: =ÖSSZES!$A$11 -> Név9 | H60: X | I60: X | P60: X | Q60: X | X60: X | Y60: X | AF60: X | AH60: =1*COUNTIF(A60:AF60,"+") -> 0 | AI60: =1*COUNTIF(B60:AF60,"szf") -> 0
A61: =ÖSSZES!$A$12 -> Név10 | H61: X | I61: X | P61: X | Q61: X | X61: X | Y61: X | AF61: X | AH61: =1*COUNTIF(A61:AF61,"+") -> 0 | AI61: =1*COUNTIF(B61:AF61,"szf") -> 0
A62: =ÖSSZES!$A$13 -> Név11 | H62: X | I62: X | P62: X | Q62: X | X62: X | Y62: X | AF62: X | AH62: =1*COUNTIF(A62:AF62,"+") -> 0 | AI62: =1*COUNTIF(B62:AF62,"szf") -> 0
A63: =ÖSSZES!$A$14 -> Név12 | H63: X | I63: X | P63: X | Q63: X | X63: X | Y63: X | AF63: X | AH63: =1*COUNTIF(A63:AF63,"+") -> 0 | AI63: =1*COUNTIF(B63:AF63,"szf") -> 0
A64: =ÖSSZES!$A$15 -> Név13 | H64: X | I64: X | P64: X | Q64: X | X64: X | Y64: X | AF64: X | AH64: =1*COUNTIF(A64:AF64,"+") -> 0 | AI64: =1*COUNTIF(B64:AF64,"szf") -> 0
A65: =ÖSSZES!$A$16 -> Név14 | H65: X | I65: X | P65: X | Q65: X | X65: X | Y65: X | AF65: X | AH65: =1*COUNTIF(A65:AF65,"+") -> 0 | AI65: =1*COUNTIF(B65:AF65,"szf") -> 0
A66: =ÖSSZES!$A$17 -> Név15 | H66: X | I66: X | P66: X | Q66: X | X66: X | Y66: X | AF66: X | AH66: =1*COUNTIF(A66:AF66,"+") -> 0 | AI66: =1*COUNTIF(B66:AF66,"szf") -> 0
A67: =ÖSSZES!$A$18 -> Név16 | H67: X | I67: X | P67: X | Q67: X | X67: X | Y67: X | AF67: X | AH67: =1*COUNTIF(A67:AF67,"+") -> 0 | AI67: =1*COUNTIF(B67:AF67,"szf") -> 0
A68: =ÖSSZES!$A$19 -> Név17 | H68: X | I68: X | P68: X | Q68: X | X68: X | Y68: X | AF68: X | AH68: =1*COUNTIF(A68:AF68,"+") -> 0 | AI68: =1*COUNTIF(B68:AF68,"szf") -> 0
A69: =ÖSSZES!$A$20 -> Név18 | H69: X | I69: X | P69: X | Q69: X | X69: X | Y69: X | AF69: X | AH69: =1*COUNTIF(A69:AF69,"+") -> 0 | AI69: =1*COUNTIF(B69:AF69,"szf") -> 0
A70: =ÖSSZES!$A$21 -> Név19 | H70: X | I70: X | P70: X | Q70: X | X70: X | Y70: X | AF70: X | AH70: =1*COUNTIF(A70:AF70,"+") -> 0 | AI70: =1*COUNTIF(B70:AF70,"szf") -> 0
A71: =ÖSSZES!$A$17 -> Név15 | H71: X | I71: X | P71: X | Q71: X | X71: X | Y71: X | AF71: X | AH71: =1*COUNTIF(A71:AF71,"+") -> 0 | AI71: =1*COUNTIF(B71:AF71,"szf") -> 0
A73: ÁRPILIS | B73: 1 | C73: 2 | D73: 3 | E73: 4 | F73: 5 | G73: 6 | H73: 7 | I73: 8 | J73: 9 | K73: 10 | L73: 11 | M73: 12 | N73: 13 | O73: 14 | P73: 15 | Q73: 16 | R73: 17 | S73: 18 | T73: 19 | U73: 20 | V73: 21 | W73: 22 | X73: 23 | Y73: 24 | Z73: 25 | AA73: 26 | AB73: 27 | AC73: 28 | AD73: 29 | AE73: 30 | AH73: + | AI73: SZF
B74: ='2020'!B28 -> Sze | C74: ='2020'!C28 -> Cs | D74: ='2020'!D28 -> P | E74: ='2020'!E28 -> Szo | F74: ='2020'!F28 -> V | G74: ='2020'!G28 -> H | H74: ='2020'!H28 -> K | I74: ='2020'!I28 -> Sze | ... AE74: ='2020'!AE28 -> Cs
B75: ='2020'!B29 -> X | C75: ='2020'!C29 -> 3 | D75: ='2020'!D29 -> 3 | E75: ='2020'!E29 -> 3 | F75: ='2020'!F29 -> 3 | G75: ='2020'!G29 -> 3 | H75: ='2020'!H29 -> 3 | I75: ='2020'!I29 -> X | ... AE75: ='2020'!AE29 -> 3
A76: =ÖSSZES!$A$3 -> Csuka Lajos | B76: X | I76: X | J76: X | Q76: X | R76: X | Y76: X | Z76: X | AA76: + | AB76: Szf | AH76: =1*COUNTIF(A76:AF76,"+") -> 1 | AI76: =1*COUNTIF(B76:AF76,"szf") -> 1
A77: =ÖSSZES!$A$4 -> Batiz Attila | B77: X | I77: X | J77: X | Q77: X | R77: X | Y77: X | Z77: X | AD77: + | AE77: + | AH77: =1*COUNTIF(A77:AF77,"+") -> 2 | AI77: =1*COUNTIF(B77:AF77,"szf") -> 0
A78: =ÖSSZES!$A$5 -> Mizsák Péter | B78: X | I78: X | J78: X | Q78: X | R78: X | S78: + | T78: + | U78: Szf | Y78: X | Z78: X | AH78: =1*COUNTIF(A78:AF78,"+") -> 2 | AI78: =1*COUNTIF(B78:AF78,"szf") -> 1
A79: =ÖSSZES!$A$6 -> Füredi Antal | B79: X | I79: X | J79: X | Q79: X | R79: X | Y79: X | Z79: X | AH79: =1*COUNTIF(A79:AF79,"+") -> 0 | AI79: =1*COUNTIF(B79:AF79,"szf") -> 0
A80: =ÖSSZES!$A$7 -> Iványi István | B80: X | I80: X | J80: X | L80: 4 | O80: 4 | Q80: X | R80: X | Y80: X | Z80: X | AH80: =1*COUNTIF(A80:AF80,"+") -> 0 | AI80: =1*COUNTIF(B80:AF80,"szf") -> 0
A81: =ÖSSZES!$A$8 -> Katonka Tibor | B81: X | G81: + | H81: + | I81: X | J81: X | Q81: X | R81: X | Y81: X | Z81: X | AE81: Szf | AH81: =1*COUNTIF(A81:AF81,"+") -> 2 | AI81: =1*COUNTIF(B81:AF81,"szf") -> 1
A82: =ÖSSZES!$A$9 -> Kiss János Tamás | B82: X | I82: X | J82: X | Q82: X | R82: X | Y82: X | Z82: X | AH82: =1*COUNTIF(A82:AF82,"+") -> 0 | AI82: =1*COUNTIF(B82:AF82,"szf") -> 0
A83: =ÖSSZES!$A$10 -> Vatamány Gergő | B83: X | I83: X | J83: X | Q83: X | R83: X | Y83: X | Z83: X | AH83: =1*COUNTIF(A83:AF83,"+") -> 0 | AI83: =1*COUNTIF(B83:AF83,"szf") -> 0
A84: =ÖSSZES!$A$11 -> Név9 | B84: X | I84: X | J84: X | Q84: X | R84: X | Y84: X | Z84: X | AH84: =1*COUNTIF(A84:AF84,"+") -> 0 | AI84: =1*COUNTIF(B84:AF84,"szf") -> 0
A85: =ÖSSZES!$A$12 -> Név10 | B85: X | I85: X | J85: X | Q85: X | R85: X | Y85: X | Z85: X | AH85: =1*COUNTIF(A85:AF85,"+") -> 0 | AI85: =1*COUNTIF(B85:AF85,"szf") -> 0
A86: =ÖSSZES!$A$13 -> Név11 | B86: X | I86: X | J86: X | Q86: X | R86: X | Y86: X | Z86: X | AH86: =1*COUNTIF(A86:AF86,"+") -> 0 | AI86: =1*COUNTIF(B86:AF86,"szf") -> 0
A87: =ÖSSZES!$A$14 -> Név12 | B87: X | I87: X | J87: X | Q87: X | R87: X | Y87: X | Z87: X | AH87: =1*COUNTIF(A87:AF87,"+") -> 0 | AI87: =1*COUNTIF(B87:AF87,"szf") -> 0
A88: =ÖSSZES!$A$15 -> Név13 | B88: X | I88: X | J88: X | Q88: X | R88: X | Y88: X | Z88: X | AH88: =1*COUNTIF(A88:AF88,"+") -> 0 | AI88: =1*COUNTIF(B88:AF88,"szf") -> 0
A89: =ÖSSZES!$A$16 -> Név14 | B89: X | I89: X | J89: X | Q89: X | R89: X | Y89: X | Z89: X | AH89: =1*COUNTIF(A89:AF89,"+") -> 0 | AI89: =1*COUNTIF(B89:AF89,"szf") -> 0
A90: =ÖSSZES!$A$17 -> Név15 | B90: X | I90: X | J90: X | Q90: X | R90: X | Y90: X | Z90: X | AH90: =1*COUNTIF(A90:AF90,"+") -> 0 | AI90: =1*COUNTIF(B90:AF90,"szf") -> 0
A91: =ÖSSZES!$A$18 -> Név16 | B91: X | I91: X | J91: X | Q91: X | R91: X | Y91: X | Z91: X | AH91: =1*COUNTIF(A91:AF91,"+") -> 0 | AI91: =1*COUNTIF(B91:AF91,"szf") -> 0
A92: =ÖSSZES!$A$19 -> Név17 | B92: X | I92: X | J92: X | Q92: X | R92: X | Y92: X | Z92: X | AH92: =1*COUNTIF(A92:AF92,"+") -> 0 | AI92: =1*COUNTIF(B92:AF92,"szf") -> 0
A93: =ÖSSZES!$A$20 -> Név18 | B93: X | I93: X | J93: X | Q93: X | R93: X | Y93: X | Z93: X | AH93: =1*COUNTIF(A93:AF93,"+") -> 0 | AI93: =1*COUNTIF(B93:AF93,"szf") -> 0
A94: =ÖSSZES!$A$21 -> Név19 | B94: X | I94: X | J94: X | Q94: X | R94: X | Y94: X | Z94: X | AH94: =1*COUNTIF(A94:AF94,"+") -> 0 | AI94: =1*COUNTIF(B94:AF94,"szf") -> 0
A95: =ÖSSZES!$A$17 -> Név15 | B95: X | I95: X | J95: X | Q95: X | R95: X | Y95: X | Z95: X | AH95: =1*COUNTIF(A95:AF95,"+") -> 0 | AI95: =1*COUNTIF(B95:AF95,"szf") -> 0
A97: MÁJUS | B97: 1 | C97: 2 | D97: 3 | E97: 4 | F97: 5 | G97: 6 | H97: 7 | I97: 8 | J97: 9 | K97: 10 | L97: 11 | M97: 12 | N97: 13 | O97: 14 | P97: 15 | Q97: 16 | R97: 17 | S97: 18 | T97: 19 | U97: 20 | V97: 21 | W97: 22 | X97: 23 | Y97: 24 | Z97: 25 | AA97: 26 | AB97: 27 | AC97: 28 | AD97: 29 | AE97: 30 | AF97: 31 | AH97: + | AI97: SZF
B98: ='2020'!B36 -> P | C98: ='2020'!C36 -> Szo | D98: ='2020'!D36 -> V | E98: ='2020'!E36 -> H | F98: ='2020'!F36 -> K | G98: ='2020'!G36 -> Sze | H98: ='2020'!H36 -> Cs | I98: ='2020'!I36 -> P | ... AF98: ='2020'!AF36 -> V
B99: ='2020'!B37 -> 3 | C99: ='2020'!C37 -> X | D99: ='2020'!D37 -> X | E99: ='2020'!E37 -> 2 | F99: ='2020'!F37 -> 2 | G99: ='2020'!G37 -> 2 | H99: ='2020'!H37 -> 2 | I99: ='2020'!I37 -> 2 | ... AF99: ='2020'!AF37 -> 2
A100: =ÖSSZES!$A$3 -> Csuka Lajos | C100: X | D100: X | K100: X | L100: X | S100: X | T100: X | AA100: X | AB100: X | AH100: =1*COUNTIF(A100:AF100,"+") -> 0 | AI100: =1*COUNTIF(B100:AF100,"szf") -> 0
A101: =ÖSSZES!$A$4 -> Batiz Attila | C101: X | D101: X | K101: X | L101: X | S101: X | T101: X | AA101: X | AB101: X | AH101: =1*COUNTIF(A101:AF101,"+") -> 0 | AI101: =1*COUNTIF(B101:AF101,"szf") -> 0
A102: =ÖSSZES!$A$5 -> Mizsák Péter | C102: X | D102: X | K102: X | L102: X | S102: X | T102: X | AA102: X | AB102: X | AH102: =1*COUNTIF(A102:AF102,"+") -> 0 | AI102: =1*COUNTIF(B102:AF102,"szf") -> 0
A103: =ÖSSZES!$A$6 -> Füredi Antal | C103: X | D103: X | E103: + | F103: + | G103: + | H103: Szf | I103: Szf | J103: Szf | K103: X | L103: X | S103: X | T103: X | AA103: X | AB103: X | AH103: =1*COUNTIF(A103:AF103,"+") -> 3 | AI103: =1*COUNTIF(B103:AF103,"szf") -> 3
A104: =ÖSSZES!$A$7 -> Iványi István | C104: X | D104: X | E104: + | F104: Szf | K104: X | L104: X | S104: X | T104: X | AA104: X | AB104: X | AH104: =1*COUNTIF(A104:AF104,"+") -> 1 | AI104: =1*COUNTIF(B104:AF104,"szf") -> 1
...

Sheet B
A1: JANUÁR | B1: 1 | C1: 2 | D1: 3 | E1: 4 | F1: 5 | G1: 6 | H1: 7 | I1: 8 | J1: 9 | K1: 10 | L1: 11 | M1: 12 | N1: 13 | O1: 14 | P1: 15 | Q1: 16 | R1: 17 | S1: 18 | T1: 19 | U1: 20 | V1: 21 | W1: 22 | X1: 23 | Y1: 24 | Z1: 25 | AA1: 26 | AB1: 27 | AC1: 28 | AD1: 29 | AE1: 30 | AF1: 31 | AH1: + | AI1: SZF
B2: ='2020'!B4 -> Sze | C2: ='2020'!C4 -> Cs | D2: ='2020'!D4 -> P | E2: ='2020'!E4 -> Szo | F2: ='2020'!F4 -> V | G2: ='2020'!G4 -> H | H2: ='2020'!H4 -> K | I2: ='2020'!I4 -> Sze | ... AF2: ='2020'!AF4 -> P
B3: ='2020'!B6 -> X | C3: ='2020'!C6 -> X | D3: ='2020'!D6 -> 3 | E3: ='2020'!E6 -> 3 | F3: ='2020'!F6 -> 3 | G3: ='2020'!G6 -> 3 | H3: ='2020'!H6 -> 3 | I3: ='2020'!I6 -> 3 | ... AF3: ='2020'!AF6 -> 3
A4: =ÖSSZES!$A$26 -> Katona László | B4: X | C4: X | J4: X | K4: X | N4: + | O4: + | R4: X | S4: X | Z4: X | AA4: X | AH4: =1*COUNTIF(A4:AF4,"+") -> 2 | AI4: =1*COUNTIF(B4:AF4,"szf") -> 0
A5: =ÖSSZES!$A$27 -> Kiss János Tamás | D5: X | E5: X | L5: X | M5: X | S5: + | T5: X | U5: X | AB5: X | AC5: X | AH5: =1*COUNTIF(A5:AF5,"+") -> 1 | AI5: =1*COUNTIF(B5:AF5,"szf") -> 0
A6: =ÖSSZES!$A$28 -> Habara Gábor | B6: X | C6: X | J6: X | K6: X | P6: + | Q6: + | R6: X | S6: X | V6: szf | Z6: X | AA6: X | AH6: =1*COUNTIF(A6:AF6,"+") -> 2 | AI6: =1*COUNTIF(B6:AF6,"szf") -> 1
A7: =ÖSSZES!$A$29 -> Holba Imre | B7: X | C7: X | D7: szf | J7: X | K7: X | Q7: + | R7: X | S7: X | Z7: X | AA7: X | AH7: =1*COUNTIF(A7:AF7,"+") -> 1 | AI7: =1*COUNTIF(B7:AF7,"szf") -> 1
A8: =ÖSSZES!$A$30 -> Keresztes Gyula | B8: X | C8: X | E8: szf | F8: szf | J8: X | K8: X | R8: X | S8: X | Z8: X | AA8: X | AH8: =1*COUNTIF(A8:AF8,"+") -> 0 | AI8: =1*COUNTIF(B8:AF8,"szf") -> 2
A9: =ÖSSZES!$A$31 -> Király Bálint Donát | B9: X | C9: X | D9: + | E9: + | F9: szf | G9: szf | H9: szf | I9: szf | J9: X | K9: X | R9: X | S9: X | Z9: X | AA9: X | AB9: szf | AH9: =1*COUNTIF(A9:AF9,"+") -> 2 | AI9: =1*COUNTIF(B9:AF9,"szf") -> 5
A10: =ÖSSZES!$A$32 -> Mezei Lajos | B10: X | C10: X | J10: X | K10: X | R10: X | S10: X | Z10: X | AA10: X | AH10: =1*COUNTIF(A10:AF10,"+") -> 0 | AI10: =1*COUNTIF(B10:AF10,"szf") -> 0
A11: =ÖSSZES!$A$33 -> Fényi László | B11: X | C11: X | J11: X | K11: X | R11: X | S11: X | Z11: X | AA11: X | AH11: =1*COUNTIF(A11:AF11,"+") -> 0 | AI11: =1*COUNTIF(B11:AF11,"szf") -> 0
A12: =ÖSSZES!$A$34 -> Név9 | B12: X | C12: X | J12: X | K12: X | R12: X | S12: X | Z12: X | AA12: X | AH12: =1*COUNTIF(A12:AF12,"+") -> 0 | AI12: =1*COUNTIF(B12:AF12,"szf") -> 0
A13: =ÖSSZES!$A$35 -> Név10 | B13: X | C13: X | J13: X | K13: X | R13: X | S13: X | Z13: X | AA13: X | AH13: =1*COUNTIF(A13:AF13,"+") -> 0 | AI13: =1*COUNTIF(B13:AF13,"szf") -> 0
A14: =ÖSSZES!$A$36 -> Név11 | B14: X | C14: X | J14: X | K14: X | R14: X | S14: X | Z14: X | AA14: X | AH14: =1*COUNTIF(A14:AF14,"+") -> 0 | AI14: =1*COUNTIF(B14:AF14,"szf") -> 0
A15: =ÖSSZES!$A$37 -> Név12 | B15: X | C15: X | J15: X | K15: X | R15: X | S15: X | Z15: X | AA15: X | AH15: =1*COUNTIF(A15:AF15,"+") -> 0 | AI15: =1*COUNTIF(B15:AF15,"szf") -> 0
A16: =ÖSSZES!$A$38 -> Név13 | B16: X | C16: X | J16: X | K16: X | R16: X | S16: X | Z16: X | AA16: X | AH16: =1*COUNTIF(A16:AF16,"+") -> 0 | AI16: =1*COUNTIF(B16:AF16,"szf") -> 0
A17: =ÖSSZES!$A$39 -> Név14 | B17: X | C17: X | J17: X | K17: X | R17: X | S17: X | Z17: X | AA17: X | AH17: =1*COUNTIF(A17:AF17,"+") -> 0 | AI17: =1*COUNTIF(B17:AF17,"szf") -> 0
A18: =ÖSSZES!$A$40 -> Név15 | B18: X | C18: X | J18: X | K18: X | R18: X | S18: X | Z18: X | AA18: X | AH18: =1*COUNTIF(A18:AF18,"+") -> 0 | AI18: =1*COUNTIF(B18:AF18,"szf") -> 0
A19: =ÖSSZES!$A$41 -> Név16 | B19: X | C19: X | J19: X | K19: X | R19: X | S19: X | Z19: X | AA19: X | AH19: =1*COUNTIF(A19:AF19,"+") -> 0 | AI19: =1*COUNTIF(B19:AF19,"szf") -> 0
A20: =ÖSSZES!$A$42 -> Név17 | B20: X | C20: X | J20: X | K20: X | R20: X | S20: X | Z20: X | AA20: X | AH20: =1*COUNTIF(A20:AF20,"+") -> 0 | AI20: =1*COUNTIF(B20:AF20,"szf") -> 0
A21: =ÖSSZES!$A$43 -> Név18 | B21: X | C21: X | J21: X | K21: X | R21: X | S21: X | Z21: X | AA21: X | AH21: =1*COUNTIF(A21:AF21,"+") -> 0 | AI21: =1*COUNTIF(B21:AF21,"szf") -> 0
A22: =ÖSSZES!$A$44 -> Név19 | B22: X | C22: X | J22: X | K22: X | R22: X | S22: X | Z22: X | AA22: X | AH22: =1*COUNTIF(A22:AF22,"+") -> 0 | AI22: =1*COUNTIF(B22:AF22,"szf") -> 0
A23: =ÖSSZES!$A$45 -> Név20 | B23: X | C23: X | J23: X | K23: X | R23: X | S23: X | Z23: X | AA23: X | AH23: =1*COUNTIF(A23:AF23,"+") -> 0 | AI23: =1*COUNTIF(B23:AF23,"szf") -> 0
A25: FEBRUÁR | B25: 1 | C25: 2 | D25: 3 | E25: 4 | F25: 5 | G25: 6 | H25: 7 | I25: 8 | J25: 9 | K25: 10 | L25: 11 | M25: 12 | N25: 13 | O25: 14 | P25: 15 | Q25: 16 | R25: 17 | S25: 18 | T25: 19 | U25: 20 | V25: 21 | W25: 22 | X25: 23 | Y25: 24 | Z25: 25 | AA25: 26 | AB25: 27 | AC25: 28 | AD25: 29 | AH25: + | AI25: SZF
B26: ='2020'!B12 -> Szo | C26: ='2020'!C12 -> V | D26: ='2020'!D12 -> H | E26: ='2020'!E12 -> K | F26: ='2020'!F12 -> Sze | G26: ='2020'!G12 -> Cs | H26: ='2020'!H12 -> P | I26: ='2020'!I12 -> Szo | ... AD26: ='2020'!AD12 -> Szo
B27: ='2020'!B14 -> 3 | C27: ='2020'!C14 -> X | D27: ='2020'!D14 -> X | E27: ='2020'!E14 -> 2 | F27: ='2020'!F14 -> 2 | G27: ='2020'!G14 -> 2 | H27: ='2020'!H14 -> 2 | I27: ='2020'!I14 -> 2 | ... AD27: ='2020'!AD14 -> 2
A28: =ÖSSZES!$A$26 -> Katona László | C28: X | D28: X | E28: + | F28: + | K28: X | L28: X | S28: X | T28: X | AA28: X | AB28: X | AH28: =1*COUNTIF(A28:AF28,"+") -> 2 | AI28: =1*COUNTIF(B28:AF28,"szf") -> 0
A29: =ÖSSZES!$A$27 -> Kiss János Tamás | B29: + | E29: X | F29: X | I29: szf | K29: X | L29: X | S29: X | T29: X | AA29: X | AB29: X | AH29: =1*COUNTIF(A29:AF29,"+") -> 1 | AI29: =1*COUNTIF(B29:AF29,"szf") -> 1
A30: =ÖSSZES!$A$28 -> Habara Gábor | C30: X | D30: X | K30: X | L30: X | S30: X | T30: X | AA30: X | AB30: X | AC30: + | AD30: Szf | AH30: =1*COUNTIF(A30:AF30,"+") -> 1 | AI30: =1*COUNTIF(B30:AF30,"szf") -> 1
A31: =ÖSSZES!$A$29 -> Holba Imre | C31: X | D31: X | E31: + | K31: X | L31: X | S31: X | T31: X | AA31: X | AB31: X | AD31: + | AH31: =1*COUNTIF(A31:AF31,"+") -> 2 | AI31: =1*COUNTIF(B31:AF31,"szf") -> 0
A32: =ÖSSZES!$A$30 -> Keresztes Gyula | C32: X | D32: X | K32: X | L32: X | S32: X | T32: X | AA32: X | AB32: X | AH32: =1*COUNTIF(A32:AF32,"+") -> 0 | AI32: =1*COUNTIF(B32:AF32,"szf") -> 0
A33: =ÖSSZES!$A$31 -> Király Bálint Donát | C33: X | D33: X | K33: X | L33: X | P33: + | Q33: szf | R33: szf | S33: X | T33: X | AA33: X | AB33: X | AH33: =1*COUNTIF(A33:AF33,"+") -> 1 | AI33: =1*COUNTIF(B33:AF33,"szf") -> 2
A34: =ÖSSZES!$A$32 -> Mezei Lajos | B34: + | C34: X | D34: X | K34: X | L34: X | S34: X | T34: X | AA34: X | AB34: X | AC34: + | AH34: =1*COUNTIF(A34:AF34,"+") -> 2 | AI34: =1*COUNTIF(B34:AF34,"szf") -> 0
A35: =ÖSSZES!$A$33 -> Fényi László | C35: X | D35: X | K35: X | L35: X | S35: X | T35: X | AA35: X | AB35: X | AH35: =1*COUNTIF(A35:AF35,"+") -> 0 | AI35: =1*COUNTIF(B35:AF35,"szf") -> 0
A36: =ÖSSZES!$A$34 -> Név9 | C36: X | D36: X | K36: X | L36: X | S36: X | T36: X | AA36: X | AB36: X | AH36: =1*COUNTIF(A36:AF36,"+") -> 0 | AI36: =1*COUNTIF(B36:AF36,"szf") -> 0
A37: =ÖSSZES!$A$35 -> Név10 | C37: X | D37: X | K37: X | L37: X | S37: X | T37: X | AA37: X | AB37: X | AH37: =1*COUNTIF(A37:AF37,"+") -> 0 | AI37: =1*COUNTIF(B37:AF37,"szf") -> 0
A38: =ÖSSZES!$A$36 -> Név11 | C38: X | D38: X | K38: X | L38: X | S38: X | T38: X | AA38: X | AB38: X | AH38: =1*COUNTIF(A38:AF38,"+") -> 0 | AI38: =1*COUNTIF(B38:AF38,"szf") -> 0
A39: =ÖSSZES!$A$37 -> Név12 | C39: X | D39: X | K39: X | L39: X | S39: X | T39: X | AA39: X | AB39: X | AH39: =1*COUNTIF(A39:AF39,"+") -> 0 | AI39: =1*COUNTIF(B39:AF39,"szf") -> 0
A40: =ÖSSZES!$A$38 -> Név13 | C40: X | D40: X | K40: X | L40: X | S40: X | T40: X | AA40: X | AB40: X | AH40: =1*COUNTIF(A40:AF40,"+") -> 0 | AI40: =1*COUNTIF(B40:AF40,"szf") -> 0
A41: =ÖSSZES!$A$39 -> Név14 | C41: X | D41: X | K41: X | L41: X | S41: X | T41: X | AA41: X | AB41: X | AH41: =1*COUNTIF(A41:AF41,"+") -> 0 | AI41: =1*COUNTIF(B41:AF41,"szf") -> 0
A42: =ÖSSZES!$A$40 -> Név15 | C42: X | D42: X | K42: X | L42: X | S42: X | T42: X | AA42: X | AB42: X | AH42: =1*COUNTIF(A42:AF42,"+") -> 0 | AI42: =1*COUNTIF(B42:AF42,"szf") -> 0
A43: =ÖSSZES!$A$41 -> Név16 | C43: X | D43: X | K43: X | L43: X | S43: X | T43: X | AA43: X | AB43: X | AH43: =1*COUNTIF(A43:AF43,"+") -> 0 | AI43: =1*COUNTIF(B43:AF43,"szf") -> 0
A44: =ÖSSZES!$A$42 -> Név17 | C44: X | D44: X | K44: X | L44: X | S44: X | T44: X | AA44: X | AB44: X | AH44: =1*COUNTIF(A44:AF44,"+") -> 0 | AI44: =1*COUNTIF(B44:AF44,"szf") -> 0
A45: =ÖSSZES!$A$43 -> Név18 | C45: X | D45: X | K45: X | L45: X | S45: X | T45: X | AA45: X | AB45: X | AH45: =1*COUNTIF(A45:AF45,"+") -> 0 | AI45: =1*COUNTIF(B45:AF45,"szf") -> 0
A46: =ÖSSZES!$A$44 -> Név19 | C46: X | D46: X | K46: X | L46: X | S46: X | T46: X | AA46: X | AB46: X | AH46: =1*COUNTIF(A46:AF46,"+") -> 0 | AI46: =1*COUNTIF(B46:AF46,"szf") -> 0
A47: =ÖSSZES!$A$45 -> Név20 | C47: X | D47: X | K47: X | L47: X | S47: X | T47: X | AA47: X | AB47: X | AH47: =1*COUNTIF(A47:AF47,"+") -> 0 | AI47: =1*COUNTIF(B47:AF47,"szf") -> 0
A49: MÁRCIUS | B49: 1 | C49: 2 | D49: 3 | E49: 4 | F49: 5 | G49: 6 | H49: 7 | I49: 8 | J49: 9 | K49: 10 | L49: 11 | M49: 12 | N49: 13 | O49: 14 | P49: 15 | Q49: 16 | R49: 17 | S49: 18 | T49: 19 | U49: 20 | V49: 21 | W49: 22 | X49: 23 | Y49: 24 | Z49: 25 | AA49: 26 | AB49: 27 | AC49: 28 | AD49: 29 | AE49: 30 | AF49: 31 | AH49: + | AI49: SZF
B50: ='2020'!B20 -> V | C50: ='2020'!C20 -> H | D50: ='2020'!D20 -> K | E50: ='2020'!E20 -> Sze | F50: ='2020'!F20 -> Cs | G50: ='2020'!G20 -> P | H50: ='2020'!H20 -> Szo | I50: ='2020'!I20 -> V | ... AF50: ='2020'!AF20 -> K
B51: ='2020'!B22 -> 2 | C51: ='2020'!C22 -> 2 | D51: ='2020'!D22 -> 2 | E51: ='2020'!E22 -> 2 | F51: ='2020'!F22 -> X | G51: ='2020'!G22 -> X | H51: ='2020'!H22 -> 1 | I51: ='2020'!I22 -> 1 | ... AF51: ='2020'!AF22 -> 1
A52: =ÖSSZES!$A$26 -> Katona László | F52: X | G52: X | H52: + | I52: szf | N52: X | O52: X | V52: X | W52: X | AD52: X | AE52: X | AH52: =1*COUNTIF(A52:AF52,"+") -> 1 | AI52: =1*COUNTIF(B52:AF52,"szf") -> 1
A53: =ÖSSZES!$A$27 -> Kiss János Tamás | F53: X | G53: X | N53: X | O53: X | U53: + | V53: X | W53: X | AA53: szf | AB53: szf | AC53: szf | AD53: X | AE53: X | AH53: =1*COUNTIF(A53:AF53,"+") -> 1 | AI53: =1*COUNTIF(B53:AF53,"szf") -> 3
A54: =ÖSSZES!$A$28 -> Habara Gábor | B54: + | F54: X | G54: X | N54: X | O54: X | V54: X | W54: X | AD54: X | AE54: X | AH54: =1*COUNTIF(A54:AF54,"+") -> 1 | AI54: =1*COUNTIF(B54:AF54,"szf") -> 0
A55: =ÖSSZES!$A$29 -> Holba Imre | F55: X | G55: X | H55: szf | J55: szf | N55: X | O55: X | P55: szf | U55: B | V55: X | W55: X | X55: B | Y55: B | Z55: B | AA55: B | AB55: B | AC55: B | AD55: X | AE55: X | AF55: B | AH55: =1*COUNTIF(A55:AF55,"+") -> 0 | AI55: =1*COUNTIF(B55:AF55,"szf") -> 3
A56: =ÖSSZES!$A$30 -> Keresztes Gyula | F56: X | G56: X | N56: X | O56: X | V56: X | W56: X | X56: B | Y56: B | Z56: B | AA56: B | AB56: B | AC56: B | AD56: X | AE56: X | AF56: B | AH56: =1*COUNTIF(A56:AF56,"+") -> 0 | AI56: =1*COUNTIF(B56:AF56,"szf") -> 0
A57: =ÖSSZES!$A$31 -> Király Bálint Donát | F57: X | G57: X | L57: + | M57: szf | N57: X | O57: X | P57: szf | V57: X | W57: X | AD57: X | AE57: X | AH57: =1*COUNTIF(A57:AF57,"+") -> 1 | AI57: =1*COUNTIF(B57:AF57,"szf") -> 2
A58: =ÖSSZES!$A$32 -> Mezei Lajos | F58: X | G58: X | N58: X | O58: X | V58: X | W58: X | AD58: X | AE58: X | AH58: =1*COUNTIF(A58:AF58,"+") -> 0 | AI58: =1*COUNTIF(B58:AF58,"szf") -> 0
A59: =ÖSSZES!$A$33 -> Fényi László | F59: X | G59: X | N59: X | O59: X | V59: X | W59: X | AD59: X | AE59: X | AH59: =1*COUNTIF(A59:AF59,"+") -> 0 | AI59: =1*COUNTIF(B59:AF59,"szf") -> 0
A60: =ÖSSZES!$A$34 -> Név9 | F60: X | G60: X | N60: X | O60: X | V60: X | W60: X | AD60: X | AE60: X | AH60: =1*COUNTIF(A60:AF60,"+") -> 0 | AI60: =1*COUNTIF(B60:AF60,"szf") -> 0
A61: =ÖSSZES!$A$35 -> Név10 | F61: X | G61: X | N61: X | O61: X | V61: X | W61: X | AD61: X | AE61: X | AH61: =1*COUNTIF(A61:AF61,"+") -> 0 | AI61: =1*COUNTIF(B61:AF61,"szf") -> 0
A62: =ÖSSZES!$A$36 -> Név11 | F62: X | G62: X | N62: X | O62: X | V62: X | W62: X | AD62: X | AE62: X | AH62: =1*COUNTIF(A62:AF62,"+") -> 0 | AI62: =1*COUNTIF(B62:AF62,"szf") -> 0
A63: =ÖSSZES!$A$37 -> Név12 | F63: X | G63: X | N63: X | O63: X | V63: X | W63: X | AD63: X | AE63: X | AH63: =1*COUNTIF(A63:AF63,"+") -> 0 | AI63: =1*COUNTIF(B63:AF63,"szf") -> 0
A64: =ÖSSZES!$A$38 -> Név13 | F64: X | G64: X | N64: X | O64: X | V64: X | W64: X | AD64: X | AE64: X | AH64: =1*COUNTIF(A64:AF64,"+") -> 0 | AI64: =1*COUNTIF(B64:AF64,"szf") -> 0
A65: =ÖSSZES!$A$39 -> Név14 | F65: X | G65: X | N65: X | O65: X | V65: X | W65: X | AD65: X | AE65: X | AH65: =1*COUNTIF(A65:AF65,"+") -> 0 | AI65: =1*COUNTIF(B65:AF65,"szf") -> 0
A66: =ÖSSZES!$A$40 -> Név15 | F66: X | G66: X | N66: X | O66: X | V66: X | W66: X | AD66: X | AE66: X | AH66: =1*COUNTIF(A66:AF66,"+") -> 0 | AI66: =1*COUNTIF(B66:AF66,"szf") -> 0
A67: =ÖSSZES!$A$41 -> Név16 | F67: X | G67: X | N67: X | O67: X | V67: X | W67: X | AD67: X | AE67: X | AH67: =1*COUNTIF(A67:AF67,"+") -> 0 | AI67: =1*COUNTIF(B67:AF67,"szf") -> 0
A68: =ÖSSZES!$A$42 -> Név17 | F68: X | G68: X | N68: X | O68: X | V68: X | W68: X | AD68: X | AE68: X | AH68: =1*COUNTIF(A68:AF68,"+") -> 0 | AI68: =1*COUNTIF(B68:AF68,"szf") -> 0
A69: =ÖSSZES!$A$43 -> Név18 | F69: X | G69: X | N69: X | O69: X | V69: X | W69: X | AD69: X | AE69: X | AH69: =1*COUNTIF(A69:AF69,"+") -> 0 | AI69: =1*COUNTIF(B69:AF69,"szf") -> 0
A70: =ÖSSZES!$A$44 -> Név19 | F70: X | G70: X | N70: X | O70: X | V70: X | W70: X | AD70: X | AE70: X | AH70: =1*COUNTIF(A70:AF70,"+") -> 0 | AI70: =1*COUNTIF(B70:AF70,"szf") -> 0
A71: =ÖSSZES!$A$45 -> Név20 | F71: X | G71: X | N71: X | O71: X | V71: X | W71: X | AD71: X | AE71: X | AH71: =1*COUNTIF(A71:AF71,"+") -> 0 | AI71: =1*COUNTIF(B71:AF71,"szf") -> 0
A73: ÁRPILIS | B73: 1 | C73: 2 | D73: 3 | E73: 4 | F73: 5 | G73: 6 | H73: 7 | I73: 8 | J73: 9 | K73: 10 | L73: 11 | M73: 12 | N73: 13 | O73: 14 | P73: 15 | Q73: 16 | R73: 17 | S73: 18 | T73: 19 | U73: 20 | V73: 21 | W73: 22 | X73: 23 | Y73: 24 | Z73: 25 | AA73: 26 | AB73: 27 | AC73: 28 | AD73: 29 | AE73: 30 | AH73: + | AI73: SZF
B74: ='2020'!B28 -> Sze | C74: ='2020'!C28 -> Cs | D74: ='2020'!D28 -> P | E74: ='2020'!E28 -> Szo | F74: ='2020'!F28 -> V | G74: ='2020'!G28 -> H | H74: ='2020'!H28 -> K | I74: ='2020'!I28 -> Sze | ... AE74: ='2020'!AE28 -> Cs
B75: ='2020'!B30 -> 1 | C75: ='2020'!C30 -> 1 | D75: ='2020'!D30 -> 1 | E75: ='2020'!E30 -> 1 | F75: ='2020'!F30 -> 1 | G75: ='2020'!G30 -> X | H75: ='2020'!H30 -> X | I75: ='2020'!I30 -> 3 | ... AE75: ='2020'!AE30 -> X
A76: =ÖSSZES!$A$26 -> Katona László | B76: + | C76: szf | D76: szf | E76: szf | F76: szf | G76: X | H76: X | O76: X | P76: X | W76: X | X76: X | AE76: X | AH76: =1*COUNTIF(A76:AF76,"+") -> 1 | AI76: =1*COUNTIF(B76:AF76,"szf") -> 4
A77: =ÖSSZES!$A$27 -> Kiss János Tamás | G77: X | H77: X | O77: X | P77: X | V77: + | W77: X | X77: X | Y77: szf | AE77: X | AH77: =1*COUNTIF(A77:AF77,"+") -> 1 | AI77: =1*COUNTIF(B77:AF77,"szf") -> 1
A78: =ÖSSZES!$A$28 -> Habara Gábor | G78: X | H78: X | O78: X | P78: X | V78: + | W78: X | X78: X | AE78: X | AH78: =1*COUNTIF(A78:AF78,"+") -> 1 | AI78: =1*COUNTIF(B78:AF78,"szf") -> 0
A79: =ÖSSZES!$A$29 -> Holba Imre | B79: B | C79: B | D79: B | E79: B | F79: B | G79: X | H79: X | I79: B | J79: B | K79: B | L79: + | M79: szf | N79: szf | O79: X | P79: X | Q79: szf | R79: szf | S79: szf | T79: szf | U79: szf | V79: szf | W79: X | X79: X | Y79: szf | Z79: szf | AA79: szf | AB79: szf | AC79: szf | AD79: szf | AE79: X | AH79: =1*COUNTIF(A79:AF79,"+") -> 1 | AI79: =1*COUNTIF(B79:AF79,"szf") -> 14
A80: =ÖSSZES!$A$30 -> Keresztes Gyula | B80: B | C80: B | D80: B | E80: B | F80: B | G80: X | H80: X | I80: B | J80: B | K80: B | L80: B | M80: B | N80: B | O80: X | P80: X | Q80: + | R80: + | S80: + | T80: + | U80: szf | V80: szf | W80: X | X80: X | Y80: szf | Z80: szf | AA80: szf | AB80: szf | AC80: szf | AD80: szf | AE80: X | AH80: =1*COUNTIF(A80:AF80,"+") -> 4 | AI80: =1*COUNTIF(B80:AF80,"szf") -> 8
A81: =ÖSSZES!$A$31 -> Király Bálint Donát | G81: X | H81: X | J81: + | O81: X | P81: X | T81: + | U81: + | W81: X | X81: X | Z81: B | AA81: B | AB81: B | AC81: B | AD81: B | AE81: X | AH81: =1*COUNTIF(A81:AF81,"+") -> 3 | AI81: =1*COUNTIF(B81:AF81,"szf") -> 0
A82: =ÖSSZES!$A$32 -> Mezei Lajos | G82: X | H82: X | J82: + | K82: + | L82: szf | M82: szf | N82: szf | O82: X | P82: X | W82: X | X82: X | AE82: X | AH82: =1*COUNTIF(A82:AF82,"+") -> 2 | AI82: =1*COUNTIF(B82:AF82,"szf") -> 3
A83: =ÖSSZES!$A$33 -> Fényi László | G83: X | H83: X | O83: X | P83: X | W83: X | X83: X | AE83: X | AH83: =1*COUNTIF(A83:AF83,"+") -> 0 | AI83: =1*COUNTIF(B83:AF83,"szf") -> 0
A84: =ÖSSZES!$A$34 -> Név9 | G84: X | H84: X | O84: X | P84: X | W84: X | X84: X | AE84: X | AH84: =1*COUNTIF(A84:AF84,"+") -> 0 | AI84: =1*COUNTIF(B84:AF84,"szf") -> 0
A85: =ÖSSZES!$A$35 -> Név10 | G85: X | H85: X | O85: X | P85: X | W85: X | X85: X | AE85: X | AH85: =1*COUNTIF(A85:AF85,"+") -> 0 | AI85: =1*COUNTIF(B85:AF85,"szf") -> 0
A86: =ÖSSZES!$A$36 -> Név11 | G86: X | H86: X | O86: X | P86: X | W86: X | X86: X | AE86: X | AH86: =1*COUNTIF(A86:AF86,"+") -> 0 | AI86: =1*COUNTIF(B86:AF86,"szf") -> 0
A87: =ÖSSZES!$A$37 -> Név12 | G87: X | H87: X | O87: X | P87: X | W87: X | X87: X | AE87: X | AH87: =1*COUNTIF(A87:AF87,"+") -> 0 | AI87: =1*COUNTIF(B87:AF87,"szf") -> 0
A88: =ÖSSZES!$A$38 -> Név13 | G88: X | H88: X | O88: X | P88: X | W88: X | X88: X | AE88: X | AH88: =1*COUNTIF(A88:AF88,"+") -> 0 | AI88: =1*COUNTIF(B88:AF88,"szf") -> 0
A89: =ÖSSZES!$A$39 -> Név14 | G89: X | H89: X | O89: X | P89: X | W89: X | X89: X | AE89: X | AH89: =1*COUNTIF(A89:AF89,"+") -> 0 | AI89: =1*COUNTIF(B89:AF89,"szf") -> 0
A90: =ÖSSZES!$A$40 -> Név15 | G90: X | H90: X | O90: X | P90: X | W90: X | X90: X | AE90: X | AH90: =1*COUNTIF(A90:AF90,"+") -> 0 | AI90: =1*COUNTIF(B90:AF90,"szf") -> 0
A91: =ÖSSZES!$A$41 -> Név16 | G91: X | H91: X | O91: X | P91: X | W91: X | X91: X | AE91: X | AH91: =1*COUNTIF(A91:AF91,"+") -> 0 | AI91: =1*COUNTIF(B91:AF91,"szf") -> 0
A92: =ÖSSZES!$A$42 -> Név17 | G92: X | H92: X | O92: X | P92: X | W92: X | X92: X | AE92: X | AH92: =1*COUNTIF(A92:AF92,"+") -> 0 | AI92: =1*COUNTIF(B92:AF92,"szf") -> 0
A93: =ÖSSZES!$A$43 -> Név18 | G93: X | H93: X | O93: X | P93: X | W93: X | X93: X | AE93: X | AH93: =1*COUNTIF(A93:AF93,"+") -> 0 | AI93: =1*COUNTIF(B93:AF93,"szf") -> 0
A94: =ÖSSZES!$A$44 -> Név19 | G94: X | H94: X | O94: X | P94: X | W94: X | X94: X | AE94: X | AH94: =1*COUNTIF(A94:AF94,"+") -> 0 | AI94: =1*COUNTIF(B94:AF94,"szf") -> 0
A95: =ÖSSZES!$A$45 -> Név20 | G95: X | H95: X | O95: X | P95: X | W95: X | X95: X | AE95: X | AH95: =1*COUNTIF(A95:AF95,"+") -> 0 | AI95: =1*COUNTIF(B95:AF95,"szf") -> 0
A97: MÁJUS | B97: 1 | C97: 2 | D97: 3 | E97: 4 | F97: 5 | G97: 6 | H97: 7 | I97: 8 | J97: 9 | K97: 10 | L97: 11 | M97: 12 | N97: 13 | O97: 14 | P97: 15 | Q97: 16 | R97: 17 | S97: 18 | T97: 19 | U97: 20 | V97: 21 | W97: 22 | X97: 23 | Y97: 24 | Z97: 25 | AA97: 26 | AB97: 27 | AC97: 28 | AD97: 29 | AE97: 30 | AF97: 31 | AH97: + | AI97: SZF
B98: ='2020'!B36 -> P | C98: ='2020'!C36 -> Szo | D98: ='2020'!D36 -> V | E98: ='2020'!E36 -> H | F98: ='2020'!F36 -> K | G98: ='2020'!G36 -> Sze | H98: ='2020'!H36 -> Cs | I98: ='2020'!I36 -> P | ... AF98: ='2020'!AF36 -> V
B99: ='2020'!B38 -> X | C99: ='2020'!C38 -> 3 | D99: ='2020'!D38 -> 3 | E99: ='2020'!E38 -> 3 | F99: ='2020'!F38 -> 3 | G99: ='2020'!G38 -> 3 | H99: ='2020'!H38 -> 3 | I99: ='2020'!I38 -> X | ... AF99: ='2020'!AF38 -> 3
A100: =ÖSSZES!$A$26 -> Katona László | B100: X | I100: X | J100: X | Q100: X | R100: X | Y100: X | Z100: X | AH100: =1*COUNTIF(A100:AF100,"+") -> 0 | AI100: =1*COUNTIF(B100:AF100,"szf") -> 0
A101: =ÖSSZES!$A$27 -> Kiss János Tamás | B101: X | I101: X | J101: X | Q101: X | R101: X | Y101: X | Z101: X | AH101: =1*COUNTIF(A101:AF101,"+") -> 0 | AI101: =1*COUNTIF(B101:AF101,"szf") -> 0
A102: =ÖSSZES!$A$28 -> Habara Gábor | B102: X | I102: X | J102: X | Q102: X | R102: X | Y102: X | Z102: X | AH102: =1*COUNTIF(A102:AF102,"+") -> 0 | AI102: =1*COUNTIF(B102:AF102,"szf") -> 0
A103: =ÖSSZES!$A$29 -> Holba Imre | B103: X | I103: X | J103: X | Q103: X | R103: X | Y103: X | Z103: X | AH103: =1*COUNTIF(A103:AF103,"+") -> 0 | AI103: =1*COUNTIF(B103:AF103,"szf") -> 0
A104: =ÖSSZES!$A$30 -> Keresztes Gyula | B104: X | I104: X | J104: X | Q104: X | R104: X | S104: + | T104: + | U104: + | V104: + | W104: szf | X104: szf | Y104: X | Z104: X | AA104: szf | AB104: szf | AC104: szf | AD104: szf | AE104: szf | AF104: szf | AH104: =1*COUNTIF(A104:AF104,"+") -> 4 | AI104: =1*COUNTIF(B104:AF104,"szf") -> 8
...

Sheet C
A1: JANUÁR | B1: 1 | C1: 2 | D1: 3 | E1: 4 | F1: 5 | G1: 6 | H1: 7 | I1: 8 | J1: 9 | K1: 10 | L1: 11 | M1: 12 | N1: 13 | O1: 14 | P1: 15 | Q1: 16 | R1: 17 | S1: 18 | T1: 19 | U1: 20 | V1: 21 | W1: 22 | X1: 23 | Y1: 24 | Z1: 25 | AA1: 26 | AB1: 27 | AC1: 28 | AD1: 29 | AE1: 30 | AF1: 31 | AH1: + | AI1: SZF
B2: ='2020'!B4 -> Sze | C2: ='2020'!C4 -> Cs | D2: ='2020'!D4 -> P | E2: ='2020'!E4 -> Szo | F2: ='2020'!F4 -> V | G2: ='2020'!G4 -> H | H2: ='2020'!H4 -> K | I2: ='2020'!I4 -> Sze | ... AF2: ='2020'!AF4 -> P
B3: ='2020'!B7 -> 1 | C3: ='2020'!C7 -> 1 | D3: ='2020'!D7 -> 1 | E3: ='2020'!E7 -> 1 | F3: ='2020'!F7 -> 1 | G3: ='2020'!G7 -> 1 | H3: ='2020'!H7 -> X | I3: ='2020'!I7 -> X | ... AF3: ='2020'!AF7 -> X
A4: =ÖSSZES!$A$49 -> Kuik-Filep András | C4: Szf | D4: Szf | E4: Szf | F4: Szf | G4: Szf | H4: X | I4: X | J4: Szf | P4: X | Q4: X | V4: + | W4: szf | X4: X | Y4: X | Z4: szf | AA4: szf | AF4: X | AH4: =1*COUNTIF(A4:AF4,"+") -> 1 | AI4: =1*COUNTIF(B4:AF4,"szf") -> 9
A5: =ÖSSZES!$A$50 -> Balogh Zsolt | H5: X | I5: X | P5: X | Q5: X | X5: X | Y5: X | AF5: X | AH5: =1*COUNTIF(A5:AF5,"+") -> 0 | AI5: =1*COUNTIF(B5:AF5,"szf") -> 0
A6: =ÖSSZES!$A$51 -> Éliás Viktor | B6: + | H6: X | I6: X | P6: X | Q6: X | R6: B | S6: B | T6: B | U6: B | V6: B | W6: B | X6: X | Y6: X | AF6: X | AH6: =1*COUNTIF(A6:AF6,"+") -> 1 | AI6: =1*COUNTIF(B6:AF6,"szf") -> 0
A7: =ÖSSZES!$A$52 -> Hadházi Kálmán | B7: + | H7: X | I7: X | P7: X | Q7: X | X7: X | Y7: X | AE7: szf | AF7: X | AH7: =1*COUNTIF(A7:AF7,"+") -> 1 | AI7: =1*COUNTIF(B7:AF7,"szf") -> 1
A8: =ÖSSZES!$A$53 -> Kiss Attila | H8: X | I8: X | O8: 6 | P8: X | Q8: X | X8: X | Y8: X | Z8: + | AF8: X | AH8: =1*COUNTIF(A8:AF8,"+") -> 1 | AI8: =1*COUNTIF(B8:AF8,"szf") -> 0
A9: =ÖSSZES!$A$54 -> Serestyén Dániel | B9: + | C9: szf | H9: X | I9: X | P9: X | Q9: X | X9: X | Y9: X | AF9: X | AH9: =1*COUNTIF(A9:AF9,"+") -> 1 | AI9: =1*COUNTIF(B9:AF9,"szf") -> 1
A10: =ÖSSZES!$A$55 -> Varga Imre | H10: X | I10: X | K10: + | P10: X | Q10: X | X10: X | Y10: X | AC10: 5.5 | AF10: X | AH10: =1*COUNTIF(A10:AF10,"+") -> 1 | AI10: =1*COUNTIF(B10:AF10,"szf") -> 0
A11: =ÖSSZES!$A$56 -> Név8 | H11: X | I11: X | P11: X | Q11: X | X11: X | Y11: X | AF11: X | AH11: =1*COUNTIF(A11:AF11,"+") -> 0 | AI11: =1*COUNTIF(B11:AF11,"szf") -> 0
A12: =ÖSSZES!$A$57 -> Név9 | H12: X | I12: X | P12: X | Q12: X | X12: X | Y12: X | AF12: X | AH12: =1*COUNTIF(A12:AF12,"+") -> 0 | AI12: =1*COUNTIF(B12:AF12,"szf") -> 0
A13: =ÖSSZES!$A$58 -> Név10 | H13: X | I13: X | P13: X | Q13: X | X13: X | Y13: X | AF13: X | AH13: =1*COUNTIF(A13:AF13,"+") -> 0 | AI13: =1*COUNTIF(B13:AF13,"szf") -> 0
A14: =ÖSSZES!$A$59 -> Név11 | H14: X | I14: X | P14: X | Q14: X | X14: X | Y14: X | AF14: X | AH14: =1*COUNTIF(A14:AF14,"+") -> 0 | AI14: =1*COUNTIF(B14:AF14,"szf") -> 0
A15: =ÖSSZES!$A$60 -> Név12 | H15: X | I15: X | P15: X | Q15: X | X15: X | Y15: X | AF15: X | AH15: =1*COUNTIF(A15:AF15,"+") -> 0 | AI15: =1*COUNTIF(B15:AF15,"szf") -> 0
A16: =ÖSSZES!$A$61 -> Név13 | H16: X | I16: X | P16: X | Q16: X | X16: X | Y16: X | AF16: X | AH16: =1*COUNTIF(A16:AF16,"+") -> 0 | AI16: =1*COUNTIF(B16:AF16,"szf") -> 0
A17: =ÖSSZES!$A$62 -> Név14 | H17: X | I17: X | P17: X | Q17: X | X17: X | Y17: X | AF17: X | AH17: =1*COUNTIF(A17:AF17,"+") -> 0 | AI17: =1*COUNTIF(B17:AF17,"szf") -> 0
A18: =ÖSSZES!$A$63 -> Név15 | H18: X | I18: X | P18: X | Q18: X | X18: X | Y18: X | AF18: X | AH18: =1*COUNTIF(A18:AF18,"+") -> 0 | AI18: =1*COUNTIF(B18:AF18,"szf") -> 0
A19: =ÖSSZES!$A$64 -> Név16 | H19: X | I19: X | P19: X | Q19: X | X19: X | Y19: X | AF19: X | AH19: =1*COUNTIF(A19:AF19,"+") -> 0 | AI19: =1*COUNTIF(B19:AF19,"szf") -> 0
A20: =ÖSSZES!$A$65 -> Név17 | H20: X | I20: X | P20: X | Q20: X | X20: X | Y20: X | AF20: X | AH20: =1*COUNTIF(A20:AF20,"+") -> 0 | AI20: =1*COUNTIF(B20:AF20,"szf") -> 0
A21: =ÖSSZES!$A$66 -> Név18 | H21: X | I21: X | P21: X | Q21: X | X21: X | Y21: X | AF21: X | AH21: =1*COUNTIF(A21:AF21,"+") -> 0 | AI21: =1*COUNTIF(B21:AF21,"szf") -> 0
A22: =ÖSSZES!$A$67 -> Név19 | H22: X | I22: X | P22: X | Q22: X | X22: X | Y22: X | AF22: X | AH22: =1*COUNTIF(A22:AF22,"+") -> 0 | AI22: =1*COUNTIF(B22:AF22,"szf") -> 0
A23: =ÖSSZES!$A$68 -> Név20 | H23: X | I23: X | P23: X | Q23: X | X23: X | Y23: X | AF23: X | AH23: =1*COUNTIF(A23:AF23,"+") -> 0 | AI23: =1*COUNTIF(B23:AF23,"szf") -> 0
A25: FEBRUÁR | B25: 1 | C25: 2 | D25: 3 | E25: 4 | F25: 5 | G25: 6 | H25: 7 | I25: 8 | J25: 9 | K25: 10 | L25: 11 | M25: 12 | N25: 13 | O25: 14 | P25: 15 | Q25: 16 | R25: 17 | S25: 18 | T25: 19 | U25: 20 | V25: 21 | W25: 22 | X25: 23 | Y25: 24 | Z25: 25 | AA25: 26 | AB25: 27 | AC25: 28 | AD25: 29 | AH25: + | AI25: SZF
B26: ='2020'!B12 -> Szo | C26: ='2020'!C12 -> V | D26: ='2020'!D12 -> H | E26: ='2020'!E12 -> K | F26: ='2020'!F12 -> Sze | G26: ='2020'!G12 -> Cs | H26: ='2020'!H12 -> P | I26: ='2020'!I12 -> Szo | ... AD26: ='2020'!AD12 -> Szo
B27: ='2020'!B15 -> X | C27: ='2020'!C15 -> 3 | D27: ='2020'!D15 -> 3 | E27: ='2020'!E15 -> 3 | F27: ='2020'!F15 -> 3 | G27: ='2020'!G15 -> 3 | H27: ='2020'!H15 -> 3 | I27: ='2020'!I15 -> X | ... AD27: ='2020'!AD15 -> 3
A28: =ÖSSZES!$A$49 -> Kuik-Filep András | B28: X | I28: X | J28: X | Q28: X | R28: X | W28: + | X28: szf | Y28: X | Z28: X | AH28: =1*COUNTIF(A28:AF28,"+") -> 1 | AI28: =1*COUNTIF(B28:AF28,"szf") -> 1
A29: =ÖSSZES!$A$50 -> Balogh Zsolt | B29: X | C29: + | I29: X | J29: X | Q29: X | R29: X | Y29: X | Z29: X | AH29: =1*COUNTIF(A29:AF29,"+") -> 1 | AI29: =1*COUNTIF(B29:AF29,"szf") -> 0
A30: =ÖSSZES!$A$51 -> Éliás Viktor | B30: X | I30: X | J30: X | Q30: X | R30: X | V30: + | Y30: X | Z30: X | AH30: =1*COUNTIF(A30:AF30,"+") -> 1 | AI30: =1*COUNTIF(B30:AF30,"szf") -> 0
A31: =ÖSSZES!$A$52 -> Hadházi Kálmán | B31: X | I31: X | J31: X | Q31: X | R31: X | Y31: X | Z31: X | AD31: szf | AH31: =1*COUNTIF(A31:AF31,"+") -> 0 | AI31: =1*COUNTIF(B31:AF31,"szf") -> 1
A32: =ÖSSZES!$A$53 -> Kiss Attila | B32: X | H32: + | I32: X | J32: X | Q32: X | R32: X | Y32: X | Z32: X | AH32: =1*COUNTIF(A32:AF32,"+") -> 1 | AI32: =1*COUNTIF(B32:AF32,"szf") -> 0
A33: =ÖSSZES!$A$54 -> Serestyén Dániel | B33: X | I33: X | J33: X | P33: + | Q33: X | R33: X | X33: szf | Y33: X | Z33: X | AH33: =1*COUNTIF(A33:AF33,"+") -> 1 | AI33: =1*COUNTIF(B33:AF33,"szf") -> 1
A34: =ÖSSZES!$A$55 -> Varga Imre | B34: X | I34: X | J34: X | Q34: X | R34: X | Y34: X | Z34: X | AA34: + | AB34: szf | AC34: szf | AH34: =1*COUNTIF(A34:AF34,"+") -> 1 | AI34: =1*COUNTIF(B34:AF34,"szf") -> 2
A35: =ÖSSZES!$A$56 -> Név8 | B35: X | I35: X | J35: X | Q35: X | R35: X | Y35: X | Z35: X | AH35: =1*COUNTIF(A35:AF35,"+") -> 0 | AI35: =1*COUNTIF(B35:AF35,"szf") -> 0
A36: =ÖSSZES!$A$57 -> Név9 | B36: X | I36: X | J36: X | Q36: X | R36: X | Y36: X | Z36: X | AH36: =1*COUNTIF(A36:AF36,"+") -> 0 | AI36: =1*COUNTIF(B36:AF36,"szf") -> 0
A37: =ÖSSZES!$A$58 -> Név10 | B37: X | I37: X | J37: X | Q37: X | R37: X | Y37: X | Z37: X | AH37: =1*COUNTIF(A37:AF37,"+") -> 0 | AI37: =1*COUNTIF(B37:AF37,"szf") -> 0
A38: =ÖSSZES!$A$59 -> Név11 | B38: X | I38: X | J38: X | Q38: X | R38: X | Y38: X | Z38: X | AH38: =1*COUNTIF(A38:AF38,"+") -> 0 | AI38: =1*COUNTIF(B38:AF38,"szf") -> 0
A39: =ÖSSZES!$A$60 -> Név12 | B39: X | I39: X | J39: X | Q39: X | R39: X | Y39: X | Z39: X | AH39: =1*COUNTIF(A39:AF39,"+") -> 0 | AI39: =1*COUNTIF(B39:AF39,"szf") -> 0
A40: =ÖSSZES!$A$61 -> Név13 | B40: X | I40: X | J40: X | Q40: X | R40: X | Y40: X | Z40: X | AH40: =1*COUNTIF(A40:AF40,"+") -> 0 | AI40: =1*COUNTIF(B40:AF40,"szf") -> 0
A41: =ÖSSZES!$A$62 -> Név14 | B41: X | I41: X | J41: X | Q41: X | R41: X | Y41: X | Z41: X | AH41: =1*COUNTIF(A41:AF41,"+") -> 0 | AI41: =1*COUNTIF(B41:AF41,"szf") -> 0
A42: =ÖSSZES!$A$63 -> Név15 | B42: X | I42: X | J42: X | Q42: X | R42: X | Y42: X | Z42: X | AH42: =1*COUNTIF(A42:AF42,"+") -> 0 | AI42: =1*COUNTIF(B42:AF42,"szf") -> 0
A43: =ÖSSZES!$A$64 -> Név16 | B43: X | I43: X | J43: X | Q43: X | R43: X | Y43: X | Z43: X | AH43: =1*COUNTIF(A43:AF43,"+") -> 0 | AI43: =1*COUNTIF(B43:AF43,"szf") -> 0
A44: =ÖSSZES!$A$65 -> Név17 | B44: X | I44: X | J44: X | Q44: X | R44: X | Y44: X | Z44: X | AH44: =1*COUNTIF(A44:AF44,"+") -> 0 | AI44: =1*COUNTIF(B44:AF44,"szf") -> 0
A45: =ÖSSZES!$A$66 -> Név18 | B45: X | I45: X | J45: X | Q45: X | R45: X | Y45: X | Z45: X | AH45: =1*COUNTIF(A45:AF45,"+") -> 0 | AI45: =1*COUNTIF(B45:AF45,"szf") -> 0
A46: =ÖSSZES!$A$67 -> Név19 | B46: X | I46: X | J46: X | Q46: X | R46: X | Y46: X | Z46: X | AH46: =1*COUNTIF(A46:AF46,"+") -> 0 | AI46: =1*COUNTIF(B46:AF46,"szf") -> 0
A47: =ÖSSZES!$A$68 -> Név20 | B47: X | I47: X | J47: X | Q47: X | R47: X | Y47: X | Z47: X | AH47: =1*COUNTIF(A47:AF47,"+") -> 0 | AI47: =1*COUNTIF(B47:AF47,"szf") -> 0
A49: MÁRCIUS | B49: 1 | C49: 2 | D49: 3 | E49: 4 | F49: 5 | G49: 6 | H49: 7 | I49: 8 | J49: 9 | K49: 10 | L49: 11 | M49: 12 | N49: 13 | O49: 14 | P49: 15 | Q49: 16 | R49: 17 | S49: 18 | T49: 19 | U49: 20 | V49: 21 | W49: 22 | X49: 23 | Y49: 24 | Z49: 25 | AA49: 26 | AB49: 27 | AC49: 28 | AD49: 29 | AE49: 30 | AF49: 31 | AH49: + | AI49: SZF
B50: ='2020'!B20 -> V | C50: ='2020'!C20 -> H | D50: ='2020'!D20 -> K | E50: ='2020'!E20 -> Sze | F50: ='2020'!F20 -> Cs | G50: ='2020'!G20 -> P | H50: ='2020'!H20 -> Szo | I50: ='2020'!I20 -> V | ... AF50: ='2020'!AF20 -> K
B51: ='2020'!B23 -> 3 | C51: ='2020'!C23 -> 3 | D51: ='2020'!D23 -> X | E51: ='2020'!E23 -> X | F51: ='2020'!F23 -> 2 | G51: ='2020'!G23 -> 2 | H51: ='2020'!H23 -> 2 | I51: ='2020'!I23 -> 2 | ... AF51: ='2020'!AF23 -> 2
A52: =ÖSSZES!$A$49 -> Kuik-Filep András | D52: X | E52: X | L52: X | M52: X | T52: X | U52: X | AB52: X | AC52: X | AH52: =1*COUNTIF(A52:AF52,"+") -> 0 | AI52: =1*COUNTIF(B52:AF52,"szf") -> 0
A53: =ÖSSZES!$A$50 -> Balogh Zsolt | D53: X | E53: X | L53: X | M53: X | T53: X | U53: X | AB53: X | AC53: X | AH53: =1*COUNTIF(A53:AF53,"+") -> 0 | AI53: =1*COUNTIF(B53:AF53,"szf") -> 0
A54: =ÖSSZES!$A$51 -> Éliás Viktor | D54: X | E54: X | L54: X | M54: X | N54: + | T54: X | U54: X | V54: szf | AB54: X | AC54: X | AH54: =1*COUNTIF(A54:AF54,"+") -> 1 | AI54: =1*COUNTIF(B54:AF54,"szf") -> 1
A55: =ÖSSZES!$A$52 -> Hadházi Kálmán | B55: + | C55: szf | D55: X | E55: X | L55: X | M55: X | R55: + | S55: + | T55: X | U55: X | AB55: X | AC55: X | AH55: =1*COUNTIF(A55:AF55,"+") -> 3 | AI55: =1*COUNTIF(B55:AF55,"szf") -> 1
A56: =ÖSSZES!$A$53 -> Kiss Attila | D56: X | E56: X | F56: + | I56: + | J56: szf | L56: X | M56: X | T56: X | U56: X | AB56: X | AC56: X | AH56: =1*COUNTIF(A56:AF56,"+") -> 2 | AI56: =1*COUNTIF(B56:AF56,"szf") -> 1
A57: =ÖSSZES!$A$54 -> Serestyén Dániel | D57: X | E57: X | L57: X | M57: X | T57: X | U57: X | AB57: X | AC57: X | AD57: + | AH57: =1*COUNTIF(A57:AF57,"+") -> 1 | AI57: =1*COUNTIF(B57:AF57,"szf") -> 0
A58: =ÖSSZES!$A$55 -> Varga Imre | D58: X | E58: X | L58: X | M58: X | T58: X | U58: X | AB58: X | AC58: X | AH58: =1*COUNTIF(A58:AF58,"+") -> 0 | AI58: =1*COUNTIF(B58:AF58,"szf") -> 0
A59: =ÖSSZES!$A$56 -> Név8 | D59: X | E59: X | L59: X | M59: X | T59: X | U59: X | AB59: X | AC59: X | AH59: =1*COUNTIF(A59:AF59,"+") -> 0 | AI59: =1*COUNTIF(B59:AF59,"szf") -> 0
A60: =ÖSSZES!$A$57 -> Név9 | D60: X | E60: X | L60: X | M60: X | T60: X | U60: X | AB60: X | AC60: X | AH60: =1*COUNTIF(A60:AF60,"+") -> 0 | AI60: =1*COUNTIF(B60:AF60,"szf") -> 0
A61: =ÖSSZES!$A$58 -> Név10 | D61: X | E61: X | L61: X | M61: X | T61: X | U61: X | AB61: X | AC61: X | AH61: =1*COUNTIF(A61:AF61,"+") -> 0 | AI61: =1*COUNTIF(B61:AF61,"szf") -> 0
A62: =ÖSSZES!$A$59 -> Név11 | D62: X | E62: X | L62: X | M62: X | T62: X | U62: X | AB62: X | AC62: X | AH62: =1*COUNTIF(A62:AF62,"+") -> 0 | AI62: =1*COUNTIF(B62:AF62,"szf") -> 0
A63: =ÖSSZES!$A$60 -> Név12 | D63: X | E63: X | L63: X | M63: X | T63: X | U63: X | AB63: X | AC63: X | AH63: =1*COUNTIF(A63:AF63,"+") -> 0 | AI63: =1*COUNTIF(B63:AF63,"szf") -> 0
A64: =ÖSSZES!$A$61 -> Név13 | D64: X | E64: X | L64: X | M64: X | T64: X | U64: X | AB64: X | AC64: X | AH64: =1*COUNTIF(A64:AF64,"+") -> 0 | AI64: =1*COUNTIF(B64:AF64,"szf") -> 0
A65: =ÖSSZES!$A$62 -> Név14 | D65: X | E65: X | L65: X | M65: X | T65: X | U65: X | AB65: X | AC65: X | AH65: =1*COUNTIF(A65:AF65,"+") -> 0 | AI65: =1*COUNTIF(B65:AF65,"szf") -> 0
A66: =ÖSSZES!$A$63 -> Név15 | D66: X | E66: X | L66: X | M66: X | T66: X | U66: X | AB66: X | AC66: X | AH66: =1*COUNTIF(A66:AF66,"+") -> 0 | AI66: =1*COUNTIF(B66:AF66,"szf") -> 0
A67: =ÖSSZES!$A$64 -> Név16 | D67: X | E67: X | L67: X | M67: X | T67: X | U67: X | AB67: X | AC67: X | AH67: =1*COUNTIF(A67:AF67,"+") -> 0 | AI67: =1*COUNTIF(B67:AF67,"szf") -> 0
A68: =ÖSSZES!$A$65 -> Név17 | D68: X | E68: X | L68: X | M68: X | T68: X | U68: X | AB68: X | AC68: X | AH68: =1*COUNTIF(A68:AF68,"+") -> 0 | AI68: =1*COUNTIF(B68:AF68,"szf") -> 0
A69: =ÖSSZES!$A$66 -> Név18 | D69: X | E69: X | L69: X | M69: X | T69: X | U69: X | AB69: X | AC69: X | AH69: =1*COUNTIF(A69:AF69,"+") -> 0 | AI69: =1*COUNTIF(B69:AF69,"szf") -> 0
A70: =ÖSSZES!$A$67 -> Név19 | D70: X | E70: X | L70: X | M70: X | T70: X | U70: X | AB70: X | AC70: X | AH70: =1*COUNTIF(A70:AF70,"+") -> 0 | AI70: =1*COUNTIF(B70:AF70,"szf") -> 0
A71: =ÖSSZES!$A$68 -> Név20 | D71: X | E71: X | L71: X | M71: X | T71: X | U71: X | AB71: X | AC71: X | AH71: =1*COUNTIF(A71:AF71,"+") -> 0 | AI71: =1*COUNTIF(B71:AF71,"szf") -> 0
A73: ÁRPILIS | B73: 1 | C73: 2 | D73: 3 | E73: 4 | F73: 5 | G73: 6 | H73: 7 | I73: 8 | J73: 9 | K73: 10 | L73: 11 | M73: 12 | N73: 13 | O73: 14 | P73: 15 | Q73: 16 | R73: 17 | S73: 18 | T73: 19 | U73: 20 | V73: 21 | W73: 22 | X73: 23 | Y73: 24 | Z73: 25 | AA73: 26 | AB73: 27 | AC73: 28 | AD73: 29 | AE73: 30 | AH73: + | AI73: SZF
B74: ='2020'!B28 -> Sze | C74: ='2020'!C28 -> Cs | D74: ='2020'!D28 -> P | E74: ='2020'!E28 -> Szo | F74: ='2020'!F28 -> V | G74: ='2020'!G28 -> H | H74: ='2020'!H28 -> K | I74: ='2020'!I28 -> Sze | ... AE74: ='2020'!AE28 -> Cs
B75: ='2020'!B31 -> 2 | C75: ='2020'!C31 -> 2 | D75: ='2020'!D31 -> 2 | E75: ='2020'!E31 -> X | F75: ='2020'!F31 -> X | G75: ='2020'!G31 -> 1 | H75: ='2020'!H31 -> 1 | I75: ='2020'!I31 -> 1 | ... AE75: ='2020'!AE31 -> 1
A76: =ÖSSZES!$A$49 -> Kuik-Filep András | E76: X | F76: X | M76: X | N76: X | U76: X | V76: X | AC76: X | AD76: X | AH76: =1*COUNTIF(A76:AF76,"+") -> 0 | AI76: =1*COUNTIF(B76:AF76,"szf") -> 0
A77: =ÖSSZES!$A$50 -> Balogh Zsolt | C77: + | D77: szf | E77: X | F77: X | M77: X | N77: X | U77: X | V77: X | AC77: X | AD77: X | AH77: =1*COUNTIF(A77:AF77,"+") -> 1 | AI77: =1*COUNTIF(B77:AF77,"szf") -> 1
A78: =ÖSSZES!$A$51 -> Éliás Viktor | B78: B | C78: B | D78: B | E78: X | F78: X | G78: B | M78: X | N78: X | U78: X | V78: X | AC78: X | AD78: X | AH78: =1*COUNTIF(A78:AF78,"+") -> 0 | AI78: =1*COUNTIF(B78:AF78,"szf") -> 0
A79: =ÖSSZES!$A$52 -> Hadházi Kálmán | E79: X | F79: X | I79: szf | J79: szf | K79: szf | L79: szf | M79: X | N79: X | U79: X | V79: X | AC79: X | AD79: X | AH79: =1*COUNTIF(A79:AF79,"+") -> 0 | AI79: =1*COUNTIF(B79:AF79,"szf") -> 4
A80: =ÖSSZES!$A$53 -> Kiss Attila | E80: X | F80: X | M80: X | N80: X | T80: + | U80: X | V80: X | W80: szf | AC80: X | AD80: X | AH80: =1*COUNTIF(A80:AF80,"+") -> 1 | AI80: =1*COUNTIF(B80:AF80,"szf") -> 1
A81: =ÖSSZES!$A$54 -> Serestyén Dániel | E81: X | F81: X | M81: X | N81: X | U81: X | V81: X | AC81: X | AD81: X | AH81: =1*COUNTIF(A81:AF81,"+") -> 0 | AI81: =1*COUNTIF(B81:AF81,"szf") -> 0
A82: =ÖSSZES!$A$55 -> Varga Imre | D82: + | E82: X | F82: X | M82: X | N82: X | U82: X | V82: X | AC82: X | AD82: X | AH82: =1*COUNTIF(A82:AF82,"+") -> 1 | AI82: =1*COUNTIF(B82:AF82,"szf") -> 0
A83: =ÖSSZES!$A$56 -> Név8 | E83: X | F83: X | M83: X | N83: X | U83: X | V83: X | AC83: X | AD83: X | AH83: =1*COUNTIF(A83:AF83,"+") -> 0 | AI83: =1*COUNTIF(B83:AF83,"szf") -> 0
A84: =ÖSSZES!$A$57 -> Név9 | E84: X | F84: X | M84: X | N84: X | U84: X | V84: X | AC84: X | AD84: X | AH84: =1*COUNTIF(A84:AF84,"+") -> 0 | AI84: =1*COUNTIF(B84:AF84,"szf") -> 0
A85: =ÖSSZES!$A$58 -> Név10 | E85: X | F85: X | M85: X | N85: X | U85: X | V85: X | AC85: X | AD85: X | AH85: =1*COUNTIF(A85:AF85,"+") -> 0 | AI85: =1*COUNTIF(B85:AF85,"szf") -> 0
A86: =ÖSSZES!$A$59 -> Név11 | E86: X | F86: X | M86: X | N86: X | U86: X | V86: X | AC86: X | AD86: X | AH86: =1*COUNTIF(A86:AF86,"+") -> 0 | AI86: =1*COUNTIF(B86:AF86,"szf") -> 0
A87: =ÖSSZES!$A$60 -> Név12 | E87: X | F87: X | M87: X | N87: X | U87: X | V87: X | AC87: X | AD87: X | AH87: =1*COUNTIF(A87:AF87,"+") -> 0 | AI87: =1*COUNTIF(B87:AF87,"szf") -> 0
A88: =ÖSSZES!$A$61 -> Név13 | E88: X | F88: X | M88: X | N88: X | U88: X | V88: X | AC88: X | AD88: X | AH88: =1*COUNTIF(A88:AF88,"+") -> 0 | AI88: =1*COUNTIF(B88:AF88,"szf") -> 0
A89: =ÖSSZES!$A$62 -> Név14 | E89: X | F89: X | M89: X | N89: X | U89: X | V89: X | AC89: X | AD89: X | AH89: =1*COUNTIF(A89:AF89,"+") -> 0 | AI89: =1*COUNTIF(B89:AF89,"szf") -> 0
A90: =ÖSSZES!$A$63 -> Név15 | E90: X | F90: X | M90: X | N90: X | U90: X | V90: X | AC90: X | AD90: X | AH90: =1*COUNTIF(A90:AF90,"+") -> 0 | AI90: =1*COUNTIF(B90:AF90,"szf") -> 0
A91: =ÖSSZES!$A$64 -> Név16 | E91: X | F91: X | M91: X | N91: X | U91: X | V91: X | AC91: X | AD91: X | AH91: =1*COUNTIF(A91:AF91,"+") -> 0 | AI91: =1*COUNTIF(B91:AF91,"szf") -> 0
A92: =ÖSSZES!$A$65 -> Név17 | E92: X | F92: X | M92: X | N92: X | U92: X | V92: X | AC92: X | AD92: X | AH92: =1*COUNTIF(A92:AF92,"+") -> 0 | AI92: =1*COUNTIF(B92:AF92,"szf") -> 0
A93: =ÖSSZES!$A$66 -> Név18 | E93: X | F93: X | M93: X | N93: X | U93: X | V93: X | AC93: X | AD93: X | AH93: =1*COUNTIF(A93:AF93,"+") -> 0 | AI93: =1*COUNTIF(B93:AF93,"szf") -> 0
A94: =ÖSSZES!$A$67 -> Név19 | E94: X | F94: X | M94: X | N94: X | U94: X | V94: X | AC94: X | AD94: X | AH94: =1*COUNTIF(A94:AF94,"+") -> 0 | AI94: =1*COUNTIF(B94:AF94,"szf") -> 0
A95: =ÖSSZES!$A$68 -> Név20 | E95: X | F95: X | M95: X | N95: X | U95: X | V95: X | AC95: X | AD95: X | AH95: =1*COUNTIF(A95:AF95,"+") -> 0 | AI95: =1*COUNTIF(B95:AF95,"szf") -> 0
A97: MÁJUS | B97: 1 | C97: 2 | D97: 3 | E97: 4 | F97: 5 | G97: 6 | H97: 7 | I97: 8 | J97: 9 | K97: 10 | L97: 11 | M97: 12 | N97: 13 | O97: 14 | P97: 15 | Q97: 16 | R97: 17 | S97: 18 | T97: 19 | U97: 20 | V97: 21 | W97: 22 | X97: 23 | Y97: 24 | Z97: 25 | AA97: 26 | AB97: 27 | AC97: 28 | AD97: 29 | AE97: 30 | AF97: 31 | AH97: + | AI97: SZF
B98: ='2020'!B36 -> P | C98: ='2020'!C36 -> Szo | D98: ='2020'!D36 -> V | E98: ='2020'!E36 -> H | F98: ='2020'!F36 -> K | G98: ='2020'!G36 -> Sze | H98: ='2020'!H36 -> Cs | I98: ='2020'!I36 -> P | ... AF98: ='2020'!AF36 -> V
B99: ='2020'!B39 -> 1 | C99: ='2020'!C39 -> 1 | D99: ='2020'!D39 -> 1 | E99: ='2020'!E39 -> 1 | F99: ='2020'!F39 -> 1 | G99: ='2020'!G39 -> X | H99: ='2020'!H39 -> X | I99: ='2020'!I39 -> 3 | ... AF99: ='2020'!AF39 -> X
A100: =ÖSSZES!$A$49 -> Kuik-Filep András | G100: X | H100: X | O100: X | P100: X | W100: X | X100: X | AE100: X | AF100: X | AH100: =1*COUNTIF(A100:AF100,"+") -> 0 | AI100: =1*COUNTIF(B100:AF100,"szf") -> 0
A101: =ÖSSZES!$A$50 -> Balogh Zsolt | G101: X | H101: X | O101: X | P101: X | W101: X | X101: X | AE101: X | AF101: X | AH101: =1*COUNTIF(A101:AF101,"+") -> 0 | AI101: =1*COUNTIF(B101:AF101,"szf") -> 0
A102: =ÖSSZES!$A$51 -> Éliás Viktor | G102: X | H102: X | O102: X | P102: X | W102: X | X102: X | AE102: X | AF102: X | AH102: =1*COUNTIF(A102:AF102,"+") -> 0 | AI102: =1*COUNTIF(B102:AF102,"szf") -> 0
A103: =ÖSSZES!$A$52 -> Hadházi Kálmán | G103: X | H103: X | O103: X | P103: X | W103: X | X103: X | AE103: X | AF103: X | AH103: =1*COUNTIF(A103:AF103,"+") -> 0 | AI103: =1*COUNTIF(B103:AF103,"szf") -> 0
A104: =ÖSSZES!$A$53 -> Kiss Attila | G104: X | H104: X | O104: X | P104: X | W104: X | X104: X | AE104: X | AF104: X | AH104: =1*COUNTIF(A104:AF104,"+") -> 0 | AI104: =1*COUNTIF(B104:AF104,"szf") -> 0
...

Sheet D
A1: JANUÁR | B1: 1 | C1: 2 | D1: 3 | E1: 4 | F1: 5 | G1: 6 | H1: 7 | I1: 8 | J1: 9 | K1: 10 | L1: 11 | M1: 12 | N1: 13 | O1: 14 | P1: 15 | Q1: 16 | R1: 17 | S1: 18 | T1: 19 | U1: 20 | V1: 21 | W1: 22 | X1: 23 | Y1: 24 | Z1: 25 | AA1: 26 | AB1: 27 | AC1: 28 | AD1: 29 | AE1: 30 | AF1: 31 | AH1: + | AI1: SZF
B2: ='2020'!B4 -> Sze | C2: ='2020'!C4 -> Cs | D2: ='2020'!D4 -> P | E2: ='2020'!E4 -> Szo | F2: ='2020'!F4 -> V | G2: ='2020'!G4 -> H | H2: ='2020'!H4 -> K | I2: ='2020'!I4 -> Sze | ... AF2: ='2020'!AF4 -> P
B3: ='2020'!B8 -> 2 | C3: ='2020'!C8 -> 2 | D3: ='2020'!D8 -> 2 | E3: ='2020'!E8 -> 2 | F3: ='2020'!F8 -> X | G3: ='2020'!G8 -> X | H3: ='2020'!H8 -> 1 | I3: ='2020'!I8 -> 1 | ... AF3: ='2020'!AF8 -> 1
A4: =ÖSSZES!$A$72 -> Daku Gábor | B4: =[1]D!B4 -> + | C4: =[1]D!C4 -> 2 | D4: =[1]D!D4 -> 2 | E4: =[1]D!E4 -> 2 | F4: =[1]D!F4 -> X | G4: =[1]D!G4 -> X | H4: =[1]D!H4 -> 1 | I4: =[1]D!I4 -> 1 | ... O4: =[1]D!O4 -> X | P4: cs | Q4: =[1]D!Q4 -> 3 | R4: =[1]D!R4 -> 3 | S4: =[1]D!S4 -> 3 | T4: =[1]D!T4 -> 3 | U4: =[1]D!U4 -> 3 | V4: =[1]D!V4 -> X | W4: =[1]D!W4 -> X | X4: =[1]D!X4 -> 2 | ... AF4: =[1]D!AF4 -> 1 | AH4: =1*COUNTIF(A4:AF4,"+") -> 1 | AI4: =1*COUNTIF(B4:AF4,"szf") -> 0
A5: =ÖSSZES!$A$73 -> Borbély Csaba | B5: =[1]D!B5 -> 2 | C5: =[1]D!C5 -> 2 | D5: =[1]D!D5 -> 2 | E5: =[1]D!E5 -> 2 | F5: =[1]D!F5 -> X | G5: =[1]D!G5 -> X | H5: =[1]D!H5 -> 1 | I5: =[1]D!I5 -> 1 | ... AF5: =[1]D!AF5 -> 1 | AH5: =1*COUNTIF(A5:AF5,"+") -> 1 | AI5: =1*COUNTIF(B5:AF5,"szf") -> 0
A6: =ÖSSZES!$A$74 -> Erdei Bálint | B6: =[1]D!B6 -> 2 | C6: =[1]D!C6 -> 2 | D6: =[1]D!D6 -> 2 | E6: =[1]D!E6 -> 2 | F6: =[1]D!F6 -> X | G6: =[1]D!G6 -> X | H6: =[1]D!H6 -> 1 | I6: =[1]D!I6 -> 1 | ... AF6: =[1]D!AF6 -> 1 | AH6: =1*COUNTIF(A6:AF6,"+") -> 1 | AI6: =1*COUNTIF(B6:AF6,"szf") -> 0
A7: =ÖSSZES!$A$75 -> Fábián Gábor | B7: =[1]D!B7 -> 2 | C7: =[1]D!C7 -> 2 | D7: =[1]D!D7 -> 2 | E7: =[1]D!E7 -> 2 | F7: =[1]D!F7 -> X | G7: =[1]D!G7 -> X | H7: =[1]D!H7 -> 1 | I7: =[1]D!I7 -> + | ... AF7: =[1]D!AF7 -> szf | AH7: =1*COUNTIF(A7:AF7,"+") -> 1 | AI7: =1*COUNTIF(B7:AF7,"szf") -> 1
A8: =ÖSSZES!$A$76 -> Gellei Zsolt | B8: =[1]D!B8 -> + | C8: =[1]D!C8 -> 2 | D8: =[1]D!D8 -> 2 | E8: =[1]D!E8 -> 2 | F8: =[1]D!F8 -> X | G8: =[1]D!G8 -> X | H8: =[1]D!H8 -> 1 | I8: =[1]D!I8 -> 4 | ... AF8: =[1]D!AF8 -> 1 | AH8: =1*COUNTIF(A8:AF8,"+") -> 1 | AI8: =1*COUNTIF(B8:AF8,"szf") -> 0
A9: =ÖSSZES!$A$77 -> Kiss Gyula | B9: =[1]D!B9 -> + | C9: =[1]D!C9 -> 2 | D9: =[1]D!D9 -> 2 | E9: =[1]D!E9 -> 2 | F9: =[1]D!F9 -> X | G9: =[1]D!G9 -> X | H9: =[1]D!H9 -> 1 | I9: =[1]D!I9 -> 1 | ... AF9: =[1]D!AF9 -> 1 | AH9: =1*COUNTIF(A9:AF9,"+") -> 1 | AI9: =1*COUNTIF(B9:AF9,"szf") -> 0
A10: =ÖSSZES!$A$78 -> Nagy István | B10: =[1]D!B10 -> 2 | C10: =[1]D!C10 -> 2 | D10: =[1]D!D10 -> 2 | E10: =[1]D!E10 -> 2 | F10: =[1]D!F10 -> X | G10: =[1]D!G10 -> X | H10: =[1]D!H10 -> 1 | I10: =[1]D!I10 -> 1 | ... AF10: =[1]D!AF10 -> 1 | AH10: =1*COUNTIF(A10:AF10,"+") -> 0 | AI10: =1*COUNTIF(B10:AF10,"szf") -> 0
A11: =ÖSSZES!$A$79 -> Fényi László | B11: =[1]D!B11 -> 0 | C11: =[1]D!C11 -> 0 | D11: =[1]D!D11 -> 0 | E11: =[1]D!E11 -> 0 | F11: =[1]D!F11 -> 0 | G11: =[1]D!G11 -> 0 | H11: =[1]D!H11 -> 0 | I11: =[1]D!I11 -> 0 | ... T11: =[1]D!T11 -> 0 | U11: + | V11: =[1]D!V11 -> 0 | W11: =[1]D!W11 -> 0 | X11: =[1]D!X11 -> 0 | Y11: =[1]D!Y11 -> 0 | Z11: =[1]D!Z11 -> 0 | AA11: =[1]D!AA11 -> 0 | AB11: =[1]D!AB11 -> 0 | AC11: =[1]D!AC11 -> 0 | ... AF11: =[1]D!AF11 -> 0 | AH11: =1*COUNTIF(A11:AF11,"+") -> 1 | AI11: =1*COUNTIF(B11:AF11,"szf") -> 0
A12: =ÖSSZES!$A$80 -> Név9 | F12: X | G12: X | N12: X | O12: X | V12: X | W12: X | AD12: X | AE12: X | AH12: =1*COUNTIF(A12:AF12,"+") -> 0 | AI12: =1*COUNTIF(B12:AF12,"szf") -> 0
A13: =ÖSSZES!$A$81 -> Név10 | F13: X | G13: X | N13: X | O13: X | V13: X | W13: X | AD13: X | AE13: X | AH13: =1*COUNTIF(A13:AF13,"+") -> 0 | AI13: =1*COUNTIF(B13:AF13,"szf") -> 0
A14: =ÖSSZES!$A$82 -> Név11 | F14: X | G14: X | N14: X | O14: X | V14: X | W14: X | AD14: X | AE14: X | AH14: =1*COUNTIF(A14:AF14,"+") -> 0 | AI14: =1*COUNTIF(B14:AF14,"szf") -> 0
A15: =ÖSSZES!$A$83 -> Név12 | F15: X | G15: X | N15: X | O15: X | V15: X | W15: X | AD15: X | AE15: X | AH15: =1*COUNTIF(A15:AF15,"+") -> 0 | AI15: =1*COUNTIF(B15:AF15,"szf") -> 0
A16: =ÖSSZES!$A$84 -> Név13 | F16: X | G16: X | N16: X | O16: X | V16: X | W16: X | AD16: X | AE16: X | AH16: =1*COUNTIF(A16:AF16,"+") -> 0 | AI16: =1*COUNTIF(B16:AF16,"szf") -> 0
A17: =ÖSSZES!$A$85 -> Név14 | F17: X | G17: X | N17: X | O17: X | V17: X | W17: X | AD17: X | AE17: X | AH17: =1*COUNTIF(A17:AF17,"+") -> 0 | AI17: =1*COUNTIF(B17:AF17,"szf") -> 0
A18: =ÖSSZES!$A$86 -> Név15 | F18: X | G18: X | N18: X | O18: X | V18: X | W18: X | AD18: X | AE18: X | AH18: =1*COUNTIF(A18:AF18,"+") -> 0 | AI18: =1*COUNTIF(B18:AF18,"szf") -> 0
A19: =ÖSSZES!$A$87 -> Név16 | F19: X | G19: X | N19: X | O19: X | V19: X | W19: X | AD19: X | AE19: X | AH19: =1*COUNTIF(A19:AF19,"+") -> 0 | AI19: =1*COUNTIF(B19:AF19,"szf") -> 0
A20: =ÖSSZES!$A$88 -> Név17 | F20: X | G20: X | N20: X | O20: X | V20: X | W20: X | AD20: X | AE20: X | AH20: =1*COUNTIF(A20:AF20,"+") -> 0 | AI20: =1*COUNTIF(B20:AF20,"szf") -> 0
A21: =ÖSSZES!$A$89 -> Név18 | F21: X | G21: X | N21: X | O21: X | V21: X | W21: X | AD21: X | AE21: X | AH21: =1*COUNTIF(A21:AF21,"+") -> 0 | AI21: =1*COUNTIF(B21:AF21,"szf") -> 0
A22: =ÖSSZES!$A$90 -> Név19 | F22: X | G22: X | N22: X | O22: X | V22: X | W22: X | AD22: X | AE22: X | AH22: =1*COUNTIF(A22:AF22,"+") -> 0 | AI22: =1*COUNTIF(B22:AF22,"szf") -> 0
A23: =ÖSSZES!$A$91 -> Név20 | F23: X | G23: X | N23: X | O23: X | V23: X | W23: X | AD23: X | AE23: X | AH23: =1*COUNTIF(A23:AF23,"+") -> 0 | AI23: =1*COUNTIF(B23:AF23,"szf") -> 0
A25: FEBRUÁR | B25: 1 | C25: 2 | D25: 3 | E25: 4 | F25: 5 | G25: 6 | H25: 7 | I25: 8 | J25: 9 | K25: 10 | L25: 11 | M25: 12 | N25: 13 | O25: 14 | P25: 15 | Q25: 16 | R25: 17 | S25: 18 | T25: 19 | U25: 20 | V25: 21 | W25: 22 | X25: 23 | Y25: 24 | Z25: 25 | AA25: 26 | AB25: 27 | AC25: 28 | AD25: 29 | AH25: + | AI25: SZF
B26: ='2020'!B12 -> Szo | C26: ='2020'!C12 -> V | D26: ='2020'!D12 -> H | E26: ='2020'!E12 -> K | F26: ='2020'!F12 -> Sze | G26: ='2020'!G12 -> Cs | H26: ='2020'!H12 -> P | I26: ='2020'!I12 -> Szo | ... AD26: ='2020'!AD12 -> Szo
B27: ='2020'!B16 -> 1 | C27: ='2020'!C16 -> 1 | D27: ='2020'!D16 -> 1 | E27: ='2020'!E16 -> 1 | F27: ='2020'!F16 -> 1 | G27: ='2020'!G16 -> X | H27: ='2020'!H16 -> X | I27: ='2020'!I16 -> 3 | ... AD27: ='2020'!AD16 -> 1
A28: =ÖSSZES!$A$72 -> Daku Gábor | B28: =[1]D!B15 -> 1 | C28: =[1]D!C15 -> 1 | D28: =[1]D!D15 -> 1 | E28: =[1]D!E15 -> 1 | F28: =[1]D!F15 -> 1 | G28: =[1]D!G15 -> X | H28: =[1]D!H15 -> X | I28: + | J28: szf | K28: szf | L28: =[1]D!L15 -> 3 | M28: =[1]D!M15 -> 3 | N28: =[1]D!N15 -> 3 | O28: =[1]D!O15 -> X | P28: =[1]D!P15 -> X | Q28: =[1]D!Q15 -> 2 | R28: =[1]D!R15 -> 2 | S28: =[1]D!S15 -> 2 | ... AD28: =[1]D!AD15 -> 1 | AH28: =1*COUNTIF(A28:AF28,"+") -> 1 | AI28: =1*COUNTIF(B28:AF28,"szf") -> 2
A29: =ÖSSZES!$A$73 -> Borbély Csaba | B29: + | C29: =[1]D!C16 -> 1 | D29: =[1]D!D16 -> 1 | E29: =[1]D!E16 -> 1 | F29: =[1]D!F16 -> 1 | G29: =[1]D!G16 -> X | H29: =[1]D!H16 -> X | I29: =[1]D!I16 -> 3 | J29: =[1]D!J16 -> 3 | ... P29: =[1]D!P16 -> X | Q29: + | R29: =[1]D!R16 -> 2 | S29: =[1]D!S16 -> 2 | T29: =[1]D!T16 -> 2 | U29: =[1]D!U16 -> 2 | V29: =[1]D!V16 -> 2 | W29: =[1]D!W16 -> X | X29: =[1]D!X16 -> X | Y29: =[1]D!Y16 -> 1 | ... AC29: =[1]D!AC16 -> 1 | AD29: + | AH29: =1*COUNTIF(A29:AF29,"+") -> 3 | AI29: =1*COUNTIF(B29:AF29,"szf") -> 0
A30: =ÖSSZES!$A$74 -> Erdei Bálint | B30: =[1]D!B17 -> 1 | C30: =[1]D!C17 -> 1 | D30: =[1]D!D17 -> 1 | E30: =[1]D!E17 -> 1 | F30: =[1]D!F17 -> 1 | G30: =[1]D!G17 -> X | H30: =[1]D!H17 -> X | I30: =[1]D!I17 -> 3 | ... X30: =[1]D!X17 -> X | Y30: + | Z30: szf | AA30: =[1]D!AA17 -> 1 | AB30: =[1]D!AB17 -> 1 | AC30: =[1]D!AC17 -> 1 | AD30: =[1]D!AD17 -> 1 | AH30: =1*COUNTIF(A30:AF30,"+") -> 1 | AI30: =1*COUNTIF(B30:AF30,"szf") -> 1
A31: =ÖSSZES!$A$75 -> Fábián Gábor | B31: + | C31: =[1]D!C18 -> 1 | D31: =[1]D!D18 -> 1 | E31: =[1]D!E18 -> 1 | F31: =[1]D!F18 -> 1 | G31: =[1]D!G18 -> X | H31: =[1]D!H18 -> X | I31: =[1]D!I18 -> 3 | J31: =[1]D!J18 -> 3 | ... AD31: =[1]D!AD18 -> 1 | AH31: =1*COUNTIF(A31:AF31,"+") -> 1 | AI31: =1*COUNTIF(B31:AF31,"szf") -> 0
A32: =ÖSSZES!$A$76 -> Gellei Zsolt | B32: =[1]D!B19 -> 1 | C32: =[1]D!C19 -> 1 | D32: =[1]D!D19 -> 1 | E32: =[1]D!E19 -> 1 | F32: =[1]D!F19 -> 1 | G32: =[1]D!G19 -> X | H32: =[1]D!H19 -> X | I32: =[1]D!I19 -> 3 | ... Q32: =[1]D!Q19 -> 2 | R32: + | S32: szf | T32: =[1]D!T19 -> 2 | U32: =[1]D!U19 -> 2 | V32: =[1]D!V19 -> 2 | W32: =[1]D!W19 -> X | X32: =[1]D!X19 -> X | Y32: =[1]D!Y19 -> 1 | Z32: =[1]D!Z19 -> 1 | AA32: =[1]D!AA19 -> 1 | ... AD32: =[1]D!AD19 -> 1 | AH32: =1*COUNTIF(A32:AF32,"+") -> 1 | AI32: =1*COUNTIF(B32:AF32,"szf") -> 1
A33: =ÖSSZES!$A$77 -> Kiss Gyula | B33: =[1]D!B20 -> 1 | C33: =[1]D!C20 -> 1 | D33: =[1]D!D20 -> 1 | E33: =[1]D!E20 -> 1 | F33: =[1]D!F20 -> 1 | G33: =[1]D!G20 -> X | H33: =[1]D!H20 -> X | I33: =[1]D!I20 -> 3 | ... M33: =[1]D!M20 -> 3 | N33: + | O33: =[1]D!O20 -> X | P33: =[1]D!P20 -> X | Q33: szf | R33: =[1]D!R20 -> 2 | S33: =[1]D!S20 -> 2 | T33: =[1]D!T20 -> 2 | U33: =[1]D!U20 -> 2 | V33: =[1]D!V20 -> 2 | W33: =[1]D!W20 -> X | X33: =[1]D!X20 -> X | Y33: =[1]D!Y20 -> 1 | ... AD33: =[1]D!AD20 -> 1 | AH33: =1*COUNTIF(A33:AF33,"+") -> 1 | AI33: =1*COUNTIF(B33:AF33,"szf") -> 1
A34: =ÖSSZES!$A$78 -> Nagy István | B34: =[1]D!B21 -> 1 | C34: =[1]D!C21 -> 1 | D34: =[1]D!D21 -> 1 | E34: =[1]D!E21 -> 1 | F34: =[1]D!F21 -> 1 | G34: =[1]D!G21 -> X | H34: =[1]D!H21 -> X | I34: + | J34: + | K34: =[1]D!K21 -> 3 | L34: =[1]D!L21 -> 3 | M34: =[1]D!M21 -> 3 | N34: =[1]D!N21 -> 3 | O34: =[1]D!O21 -> X | P34: =[1]D!P21 -> X | Q34: szf | R34: =[1]D!R21 -> 2 | S34: =[1]D!S21 -> 2 | T34: =[1]D!T21 -> 2 | U34: =[1]D!U21 -> 2 | V34: =[1]D!V21 -> 2 | W34: =[1]D!W21 -> X | X34: =[1]D!X21 -> X | Y34: =[1]D!Y21 -> 1 | ... AD34: =[1]D!AD21 -> 1 | AH34: =1*COUNTIF(A34:AF34,"+") -> 2 | AI34: =1*COUNTIF(B34:AF34,"szf") -> 1
A35: =ÖSSZES!$A$79 -> Fényi László | AH35: =1*COUNTIF(A35:AF35,"+") -> 0 | AI35: =1*COUNTIF(B35:AF35,"szf") -> 0
A36: =ÖSSZES!$A$80 -> Név9 | G36: X | H36: X | O36: X | P36: X | W36: X | X36: X | AH36: =1*COUNTIF(A36:AF36,"+") -> 0 | AI36: =1*COUNTIF(B36:AF36,"szf") -> 0
A37: =ÖSSZES!$A$81 -> Név10 | G37: X | H37: X | O37: X | P37: X | W37: X | X37: X | AH37: =1*COUNTIF(A37:AF37,"+") -> 0 | AI37: =1*COUNTIF(B37:AF37,"szf") -> 0
A38: =ÖSSZES!$A$82 -> Név11 | G38: X | H38: X | O38: X | P38: X | W38: X | X38: X | AH38: =1*COUNTIF(A38:AF38,"+") -> 0 | AI38: =1*COUNTIF(B38:AF38,"szf") -> 0
A39: =ÖSSZES!$A$83 -> Név12 | G39: X | H39: X | O39: X | P39: X | W39: X | X39: X | AH39: =1*COUNTIF(A39:AF39,"+") -> 0 | AI39: =1*COUNTIF(B39:AF39,"szf") -> 0
A40: =ÖSSZES!$A$84 -> Név13 | G40: X | H40: X | O40: X | P40: X | W40: X | X40: X | AH40: =1*COUNTIF(A40:AF40,"+") -> 0 | AI40: =1*COUNTIF(B40:AF40,"szf") -> 0
A41: =ÖSSZES!$A$85 -> Név14 | G41: X | H41: X | O41: X | P41: X | W41: X | X41: X | AH41: =1*COUNTIF(A41:AF41,"+") -> 0 | AI41: =1*COUNTIF(B41:AF41,"szf") -> 0
A42: =ÖSSZES!$A$86 -> Név15 | G42: X | H42: X | O42: X | P42: X | W42: X | X42: X | AH42: =1*COUNTIF(A42:AF42,"+") -> 0 | AI42: =1*COUNTIF(B42:AF42,"szf") -> 0
A43: =ÖSSZES!$A$87 -> Név16 | G43: X | H43: X | O43: X | P43: X | W43: X | X43: X | AH43: =1*COUNTIF(A43:AF43,"+") -> 0 | AI43: =1*COUNTIF(B43:AF43,"szf") -> 0
A44: =ÖSSZES!$A$88 -> Név17 | G44: X | H44: X | O44: X | P44: X | W44: X | X44: X | AH44: =1*COUNTIF(A44:AF44,"+") -> 0 | AI44: =1*COUNTIF(B44:AF44,"szf") -> 0
A45: =ÖSSZES!$A$89 -> Név18 | G45: X | H45: X | O45: X | P45: X | W45: X | X45: X | AH45: =1*COUNTIF(A45:AF45,"+") -> 0 | AI45: =1*COUNTIF(B45:AF45,"szf") -> 0
A46: =ÖSSZES!$A$90 -> Név19 | G46: X | H46: X | O46: X | P46: X | W46: X | X46: X | AH46: =1*COUNTIF(A46:AF46,"+") -> 0 | AI46: =1*COUNTIF(B46:AF46,"szf") -> 0
A47: =ÖSSZES!$A$91 -> Név20 | G47: X | H47: X | O47: X | P47: X | W47: X | X47: X | AH47: =1*COUNTIF(A47:AF47,"+") -> 0 | AI47: =1*COUNTIF(B47:AF47,"szf") -> 0
A49: MÁRCIUS | B49: 1 | C49: 2 | D49: 3 | E49: 4 | F49: 5 | G49: 6 | H49: 7 | I49: 8 | J49: 9 | K49: 10 | L49: 11 | M49: 12 | N49: 13 | O49: 14 | P49: 15 | Q49: 16 | R49: 17 | S49: 18 | T49: 19 | U49: 20 | V49: 21 | W49: 22 | X49: 23 | Y49: 24 | Z49: 25 | AA49: 26 | AB49: 27 | AC49: 28 | AD49: 29 | AE49: 30 | AF49: 31 | AH49: + | AI49: SZF
B50: ='2020'!B20 -> V | C50: ='2020'!C20 -> H | D50: ='2020'!D20 -> K | E50: ='2020'!E20 -> Sze | F50: ='2020'!F20 -> Cs | G50: ='2020'!G20 -> P | H50: ='2020'!H20 -> Szo | I50: ='2020'!I20 -> V | ... AF50: ='2020'!AF20 -> K
B51: ='2020'!B24 -> X | C51: ='2020'!C24 -> X | D51: ='2020'!D24 -> 3 | E51: ='2020'!E24 -> 3 | F51: ='2020'!F24 -> 3 | G51: ='2020'!G24 -> 3 | H51: ='2020'!H24 -> 3 | I51: ='2020'!I24 -> 3 | ... AF51: ='2020'!AF24 -> 3
A52: =ÖSSZES!$A$72 -> Daku Gábor | B52: =[1]D!B26 -> X | C52: =[1]D!C26 -> X | D52: =[1]D!D26 -> 3 | E52: =[1]D!E26 -> 3 | F52: =[1]D!F26 -> 3 | G52: =[1]D!G26 -> 3 | H52: =[1]D!H26 -> 3 | I52: =[1]D!I26 -> 3 | ... AF52: =[1]D!AF26 -> 3 | AH52: =1*COUNTIF(A52:AF52,"+") -> 1 | AI52: =1*COUNTIF(B52:AF52,"szf") -> 0
A53: =ÖSSZES!$A$73 -> Borbély Csaba | B53: =[1]D!B27 -> X | C53: =[1]D!C27 -> X | D53: =[1]D!D27 -> 3 | E53: =[1]D!E27 -> 3 | F53: =[1]D!F27 -> 3 | G53: =[1]D!G27 -> 3 | H53: =[1]D!H27 -> 3 | I53: =[1]D!I27 -> 3 | ... AF53: =[1]D!AF27 -> 3 | AH53: =1*COUNTIF(A53:AF53,"+") -> 1 | AI53: =1*COUNTIF(B53:AF53,"szf") -> 1
A54: =ÖSSZES!$A$74 -> Erdei Bálint | B54: =[1]D!B28 -> X | C54: =[1]D!C28 -> X | D54: =[1]D!D28 -> 3 | E54: =[1]D!E28 -> 3 | F54: =[1]D!F28 -> 3 | G54: =[1]D!G28 -> 3 | H54: =[1]D!H28 -> + | I54: =[1]D!I28 -> 3 | ... AF54: =[1]D!AF28 -> 3 | AH54: =1*COUNTIF(A54:AF54,"+") -> 1 | AI54: =1*COUNTIF(B54:AF54,"szf") -> 0
A55: =ÖSSZES!$A$75 -> Fábián Gábor | B55: =[1]D!B29 -> X | C55: =[1]D!C29 -> X | D55: =[1]D!D29 -> 3 | E55: =[1]D!E29 -> 3 | F55: =[1]D!F29 -> 3 | G55: =[1]D!G29 -> 3 | H55: =[1]D!H29 -> 3 | I55: =[1]D!I29 -> 3 | ... AF55: =[1]D!AF29 -> 3 | AH55: =1*COUNTIF(A55:AF55,"+") -> 0 | AI55: =1*COUNTIF(B55:AF55,"szf") -> 0
A56: =ÖSSZES!$A$76 -> Gellei Zsolt | B56: =[1]D!B30 -> X | C56: =[1]D!C30 -> X | D56: =[1]D!D30 -> 3 | E56: =[1]D!E30 -> 3 | F56: =[1]D!F30 -> 3 | G56: =[1]D!G30 -> 3 | H56: =[1]D!H30 -> 3 | I56: =[1]D!I30 -> + | ... AF56: =[1]D!AF30 -> 0 | AH56: =1*COUNTIF(A56:AF56,"+") -> 1 | AI56: =1*COUNTIF(B56:AF56,"szf") -> 0
A57: =ÖSSZES!$A$77 -> Kiss Gyula | B57: =[1]D!B31 -> X | C57: =[1]D!C31 -> X | D57: =[1]D!D31 -> + | E57: =[1]D!E31 -> 3 | F57: =[1]D!F31 -> 3 | G57: =[1]D!G31 -> szf | H57: =[1]D!H31 -> 3 | I57: =[1]D!I31 -> szf | ... AF57: =[1]D!AF31 -> 3 | AH57: =1*COUNTIF(A57:AF57,"+") -> 1 | AI57: =1*COUNTIF(B57:AF57,"szf") -> 2
A58: =ÖSSZES!$A$78 -> Nagy István | B58: =[1]D!B32 -> X | C58: =[1]D!C32 -> X | D58: =[1]D!D32 -> 3 | E58: =[1]D!E32 -> 3 | F58: =[1]D!F32 -> 3 | G58: =[1]D!G32 -> 3 | H58: =[1]D!H32 -> 3 | I58: =[1]D!I32 -> 3 | ... AF58: =[1]D!AF32 -> 3 | AH58: =1*COUNTIF(A58:AF58,"+") -> 2 | AI58: =1*COUNTIF(B58:AF58,"szf") -> 0
A59: =ÖSSZES!$A$79 -> Fényi László | AH59: =1*COUNTIF(A59:AF59,"+") -> 0 | AI59: =1*COUNTIF(B59:AF59,"szf") -> 0
A60: =ÖSSZES!$A$80 -> Név9 | B60: X | C60: X | J60: X | K60: X | R60: X | S60: X | Z60: X | AA60: X | AH60: =1*COUNTIF(A60:AF60,"+") -> 0 | AI60: =1*COUNTIF(B60:AF60,"szf") -> 0
A61: =ÖSSZES!$A$81 -> Név10 | B61: X | C61: X | J61: X | K61: X | R61: X | S61: X | Z61: X | AA61: X | AH61: =1*COUNTIF(A61:AF61,"+") -> 0 | AI61: =1*COUNTIF(B61:AF61,"szf") -> 0
A62: =ÖSSZES!$A$82 -> Név11 | B62: X | C62: X | J62: X | K62: X | R62: X | S62: X | Z62: X | AA62: X | AH62: =1*COUNTIF(A62:AF62,"+") -> 0 | AI62: =1*COUNTIF(B62:AF62,"szf") -> 0
A63: =ÖSSZES!$A$83 -> Név12 | B63: X | C63: X | J63: X | K63: X | R63: X | S63: X | Z63: X | AA63: X | AH63: =1*COUNTIF(A63:AF63,"+") -> 0 | AI63: =1*COUNTIF(B63:AF63,"szf") -> 0
A64: =ÖSSZES!$A$84 -> Név13 | B64: X | C64: X | J64: X | K64: X | R64: X | S64: X | Z64: X | AA64: X | AH64: =1*COUNTIF(A64:AF64,"+") -> 0 | AI64: =1*COUNTIF(B64:AF64,"szf") -> 0
A65: =ÖSSZES!$A$85 -> Név14 | B65: X | C65: X | J65: X | K65: X | R65: X | S65: X | Z65: X | AA65: X | AH65: =1*COUNTIF(A65:AF65,"+") -> 0 | AI65: =1*COUNTIF(B65:AF65,"szf") -> 0
A66: =ÖSSZES!$A$86 -> Név15 | B66: X | C66: X | J66: X | K66: X | R66: X | S66: X | Z66: X | AA66: X | AH66: =1*COUNTIF(A66:AF66,"+") -> 0 | AI66: =1*COUNTIF(B66:AF66,"szf") -> 0
A67: =ÖSSZES!$A$87 -> Név16 | B67: X | C67: X | J67: X | K67: X | R67: X | S67: X | Z67: X | AA67: X | AH67: =1*COUNTIF(A67:AF67,"+") -> 0 | AI67: =1*COUNTIF(B67:AF67,"szf") -> 0
A68: =ÖSSZES!$A$88 -> Név17 | B68: X | C68: X | J68: X | K68: X | R68: X | S68: X | Z68: X | AA68: X | AH68: =1*COUNTIF(A68:AF68,"+") -> 0 | AI68: =1*COUNTIF(B68:AF68,"szf") -> 0
A69: =ÖSSZES!$A$89 -> Név18 | B69: X | C69: X | J69: X | K69: X | R69: X | S69: X | Z69: X | AA69: X | AH69: =1*COUNTIF(A69:AF69,"+") -> 0 | AI69: =1*COUNTIF(B69:AF69,"szf") -> 0
A70: =ÖSSZES!$A$90 -> Név19 | B70: X | C70: X | J70: X | K70: X | R70: X | S70: X | Z70: X | AA70: X | AH70: =1*COUNTIF(A70:AF70,"+") -> 0 | AI70: =1*COUNTIF(B70:AF70,"szf") -> 0
A71: =ÖSSZES!$A$91 -> Név20 | B71: X | C71: X | J71: X | K71: X | R71: X | S71: X | Z71: X | AA71: X | AH71: =1*COUNTIF(A71:AF71,"+") -> 0 | AI71: =1*COUNTIF(B71:AF71,"szf") -> 0
A73: ÁRPILIS | B73: 1 | C73: 2 | D73: 3 | E73: 4 | F73: 5 | G73: 6 | H73: 7 | I73: 8 | J73: 9 | K73: 10 | L73: 11 | M73: 12 | N73: 13 | O73: 14 | P73: 15 | Q73: 16 | R73: 17 | S73: 18 | T73: 19 | U73: 20 | V73: 21 | W73: 22 | X73: 23 | Y73: 24 | Z73: 25 | AA73: 26 | AB73: 27 | AC73: 28 | AD73: 29 | AE73: 30 | AH73: + | AI73: SZF
B74: ='2020'!B28 -> Sze | C74: ='2020'!C28 -> Cs | D74: ='2020'!D28 -> P | E74: ='2020'!E28 -> Szo | F74: ='2020'!F28 -> V | G74: ='2020'!G28 -> H | H74: ='2020'!H28 -> K | I74: ='2020'!I28 -> Sze | ... AE74: ='2020'!AE28 -> Cs
B75: ='2020'!B32 -> 3 | C75: ='2020'!C32 -> X | D75: ='2020'!D32 -> X | E75: ='2020'!E32 -> 2 | F75: ='2020'!F32 -> 2 | G75: ='2020'!G32 -> 2 | H75: ='2020'!H32 -> 2 | I75: ='2020'!I32 -> 2 | ... AE75: ='2020'!AE32 -> 2
A76: =ÖSSZES!$A$72 -> Daku Gábor | B76: =[1]D!B37 -> 3 | C76: =[1]D!C37 -> X | D76: =[1]D!D37 -> X | E76: =[1]D!E37 -> 2 | F76: =[1]D!F37 -> 2 | G76: =[1]D!G37 -> 2 | H76: =[1]D!H37 -> 2 | I76: =[1]D!I37 -> + | ... AE76: =[1]D!AE37 -> 2 | AH76: =1*COUNTIF(A76:AF76,"+") -> 1 | AI76: =1*COUNTIF(B76:AF76,"szf") -> 1
A77: =ÖSSZES!$A$73 -> Borbély Csaba | B77: =[1]D!B38 -> 3 | C77: =[1]D!C38 -> X | D77: =[1]D!D38 -> X | E77: =[1]D!E38 -> 2 | F77: =[1]D!F38 -> 2 | G77: =[1]D!G38 -> 2 | H77: =[1]D!H38 -> 2 | I77: =[1]D!I38 -> 2 | ... AE77: =[1]D!AE38 -> 2 | AH77: =1*COUNTIF(A77:AF77,"+") -> 1 | AI77: =1*COUNTIF(B77:AF77,"szf") -> 0
A78: =ÖSSZES!$A$74 -> Erdei Bálint | B78: =[1]D!B39 -> 3 | C78: =[1]D!C39 -> X | D78: =[1]D!D39 -> X | E78: =[1]D!E39 -> 2 | F78: =[1]D!F39 -> 2 | G78: =[1]D!G39 -> 2 | H78: =[1]D!H39 -> 2 | I78: =[1]D!I39 -> 2 | ... AE78: =[1]D!AE39 -> 2 | AH78: =1*COUNTIF(A78:AF78,"+") -> 1 | AI78: =1*COUNTIF(B78:AF78,"szf") -> 1
A79: =ÖSSZES!$A$75 -> Fábián Gábor | B79: =[1]D!B40 -> 3 | C79: =[1]D!C40 -> X | D79: =[1]D!D40 -> X | E79: =[1]D!E40 -> 2 | F79: =[1]D!F40 -> 2 | G79: =[1]D!G40 -> 2 | H79: =[1]D!H40 -> 2 | I79: =[1]D!I40 -> 2 | ... AE79: =[1]D!AE40 -> 2 | AH79: =1*COUNTIF(A79:AF79,"+") -> 1 | AI79: =1*COUNTIF(B79:AF79,"szf") -> 0
A80: =ÖSSZES!$A$76 -> Gellei Zsolt | B80: =[1]D!B41 -> 3 | C80: =[1]D!C41 -> X | D80: =[1]D!D41 -> X | E80: =[1]D!E41 -> 2 | F80: =[1]D!F41 -> 2 | G80: =[1]D!G41 -> 2 | H80: =[1]D!H41 -> 2 | I80: =[1]D!I41 -> 2 | ... AE80: =[1]D!AE41 -> 2 | AH80: =1*COUNTIF(A80:AF80,"+") -> 1 | AI80: =1*COUNTIF(B80:AF80,"szf") -> 0
A81: =ÖSSZES!$A$77 -> Kiss Gyula | B81: =[1]D!B42 -> 3 | C81: =[1]D!C42 -> X | D81: =[1]D!D42 -> X | E81: =[1]D!E42 -> 2 | F81: =[1]D!F42 -> + | G81: =[1]D!G42 -> 2 | H81: =[1]D!H42 -> 2 | I81: =[1]D!I42 -> 2 | ... AE81: =[1]D!AE42 -> 2 | AH81: =1*COUNTIF(A81:AF81,"+") -> 1 | AI81: =1*COUNTIF(B81:AF81,"szf") -> 2
A82: =ÖSSZES!$A$78 -> Nagy István | B82: =[1]D!B43 -> 3 | C82: =[1]D!C43 -> X | D82: =[1]D!D43 -> X | E82: =[1]D!E43 -> 2 | F82: =[1]D!F43 -> 2 | G82: =[1]D!G43 -> 2 | H82: =[1]D!H43 -> 2 | I82: =[1]D!I43 -> 2 | ... AE82: =[1]D!AE43 -> 2 | AH82: =1*COUNTIF(A82:AF82,"+") -> 1 | AI82: =1*COUNTIF(B82:AF82,"szf") -> 0
A83: =ÖSSZES!$A$79 -> Fényi László | AH83: =1*COUNTIF(A83:AF83,"+") -> 0 | AI83: =1*COUNTIF(B83:AF83,"szf") -> 0
A84: =ÖSSZES!$A$80 -> Név9 | C84: X | D84: X | K84: X | L84: X | S84: X | T84: X | AA84: X | AB84: X | AH84: =1*COUNTIF(A84:AF84,"+") -> 0 | AI84: =1*COUNTIF(B84:AF84,"szf") -> 0
A85: =ÖSSZES!$A$81 -> Név10 | C85: X | D85: X | K85: X | L85: X | S85: X | T85: X | AA85: X | AB85: X | AH85: =1*COUNTIF(A85:AF85,"+") -> 0 | AI85: =1*COUNTIF(B85:AF85,"szf") -> 0
A86: =ÖSSZES!$A$82 -> Név11 | C86: X | D86: X | K86: X | L86: X | S86: X | T86: X | AA86: X | AB86: X | AH86: =1*COUNTIF(A86:AF86,"+") -> 0 | AI86: =1*COUNTIF(B86:AF86,"szf") -> 0
A87: =ÖSSZES!$A$83 -> Név12 | C87: X | D87: X | K87: X | L87: X | S87: X | T87: X | AA87: X | AB87: X | AH87: =1*COUNTIF(A87:AF87,"+") -> 0 | AI87: =1*COUNTIF(B87:AF87,"szf") -> 0
A88: =ÖSSZES!$A$84 -> Név13 | C88: X | D88: X | K88: X | L88: X | S88: X | T88: X | AA88: X | AB88: X | AH88: =1*COUNTIF(A88:AF88,"+") -> 0 | AI88: =1*COUNTIF(B88:AF88,"szf") -> 0
A89: =ÖSSZES!$A$85 -> Név14 | C89: X | D89: X | K89: X | L89: X | S89: X | T89: X | AA89: X | AB89: X | AH89: =1*COUNTIF(A89:AF89,"+") -> 0 | AI89: =1*COUNTIF(B89:AF89,"szf") -> 0
A90: =ÖSSZES!$A$86 -> Név15 | C90: X | D90: X | K90: X | L90: X | S90: X | T90: X | AA90: X | AB90: X | AH90: =1*COUNTIF(A90:AF90,"+") -> 0 | AI90: =1*COUNTIF(B90:AF90,"szf") -> 0
A91: =ÖSSZES!$A$87 -> Név16 | C91: X | D91: X | K91: X | L91: X | S91: X | T91: X | AA91: X | AB91: X | AH91: =1*COUNTIF(A91:AF91,"+") -> 0 | AI91: =1*COUNTIF(B91:AF91,"szf") -> 0
A92: =ÖSSZES!$A$88 -> Név17 | C92: X | D92: X | K92: X | L92: X | S92: X | T92: X | AA92: X | AB92: X | AH92: =1*COUNTIF(A92:AF92,"+") -> 0 | AI92: =1*COUNTIF(B92:AF92,"szf") -> 0
A93: =ÖSSZES!$A$89 -> Név18 | C93: X | D93: X | K93: X | L93: X | S93: X | T93: X | AA93: X | AB93: X | AH93: =1*COUNTIF(A93:AF93,"+") -> 0 | AI93: =1*COUNTIF(B93:AF93,"szf") -> 0
A94: =ÖSSZES!$A$90 -> Név19 | C94: X | D94: X | K94: X | L94: X | S94: X | T94: X | AA94: X | AB94: X | AH94: =1*COUNTIF(A94:AF94,"+") -> 0 | AI94: =1*COUNTIF(B94:AF94,"szf") -> 0
A95: =ÖSSZES!$A$91 -> Név20 | C95: X | D95: X | K95: X | L95: X | S95: X | T95: X | AA95: X | AB95: X | AH95: =1*COUNTIF(A95:AF95,"+") -> 0 | AI95: =1*COUNTIF(B95:AF95,"szf") -> 0
A97: MÁJUS | B97: 1 | C97: 2 | D97: 3 | E97: 4 | F97: 5 | G97: 6 | H97: 7 | I97: 8 | J97: 9 | K97: 10 | L97: 11 | M97: 12 | N97: 13 | O97: 14 | P97: 15 | Q97: 16 | R97: 17 | S97: 18 | T97: 19 | U97: 20 | V97: 21 | W97: 22 | X97: 23 | Y97: 24 | Z97: 25 | AA97: 26 | AB97: 27 | AC97: 28 | AD97: 29 | AE97: 30 | AF97: 31 | AH97: + | AI97: SZF
B98: ='2020'!B36 -> P | C98: ='2020'!C36 -> Szo | D98: ='2020'!D36 -> V | E98: ='2020'!E36 -> H | F98: ='2020'!F36 -> K | G98: ='2020'!G36 -> Sze | H98: ='2020'!H36 -> Cs | I98: ='2020'!I36 -> P | ... AF98: ='2020'!AF36 -> V
B99: ='2020'!B40 -> 2 | C99: ='2020'!C40 -> 2 | D99: ='2020'!D40 -> 2 | E99: ='2020'!E40 -> X | F99: ='2020'!F40 -> X | G99: ='2020'!G40 -> 1 | H99: ='2020'!H40 -> 1 | I99: ='2020'!I40 -> 1 | ... AF99: ='2020'!AF40 -> 1
A100: =ÖSSZES!$A$72 -> Daku Gábor | B100: =[1]D!B48 -> 2 | C100: =[1]D!C48 -> 2 | D100: =[1]D!D48 -> 2 | E100: =[1]D!E48 -> X | F100: =[1]D!F48 -> X | G100: =[1]D!G48 -> 1 | H100: =[1]D!H48 -> 1 | I100: =[1]D!I48 -> 1 | ... AF100: =[1]D!AF48 -> 1 | AH100: =1*COUNTIF(A100:AF100,"+") -> 0 | AI100: =1*COUNTIF(B100:AF100,"szf") -> 0
A101: =ÖSSZES!$A$73 -> Borbély Csaba | B101: =[1]D!B49 -> 2 | C101: =[1]D!C49 -> 2 | D101: =[1]D!D49 -> 2 | E101: =[1]D!E49 -> X | F101: =[1]D!F49 -> X | G101: =[1]D!G49 -> 1 | H101: =[1]D!H49 -> 1 | I101: =[1]D!I49 -> 1 | ... AF101: =[1]D!AF49 -> 1 | AH101: =1*COUNTIF(A101:AF101,"+") -> 0 | AI101: =1*COUNTIF(B101:AF101,"szf") -> 0
A102: =ÖSSZES!$A$74 -> Erdei Bálint | B102: =[1]D!B50 -> 2 | C102: =[1]D!C50 -> 2 | D102: =[1]D!D50 -> 2 | E102: =[1]D!E50 -> X | F102: =[1]D!F50 -> X | G102: =[1]D!G50 -> 1 | H102: =[1]D!H50 -> 1 | I102: =[1]D!I50 -> 1 | ... AF102: =[1]D!AF50 -> 1 | AH102: =1*COUNTIF(A102:AF102,"+") -> 0 | AI102: =1*COUNTIF(B102:AF102,"szf") -> 0
A103: =ÖSSZES!$A$75 -> Fábián Gábor | B103: =[1]D!B51 -> 2 | C103: =[1]D!C51 -> 2 | D103: =[1]D!D51 -> 2 | E103: =[1]D!E51 -> X | F103: =[1]D!F51 -> X | G103: =[1]D!G51 -> 1 | H103: =[1]D!H51 -> 1 | I103: =[1]D!I51 -> 1 | ... AF103: =[1]D!AF51 -> 1 | AH103: =1*COUNTIF(A103:AF103,"+") -> 0 | AI103: =1*COUNTIF(B103:AF103,"szf") -> 0
A104: =ÖSSZES!$A$76 -> Gellei Zsolt | B104: =[1]D!B52 -> 2 | C104: =[1]D!C52 -> 2 | D104: =[1]D!D52 -> 2 | E104: =[1]D!E52 -> X | F104: =[1]D!F52 -> X | G104: =[1]D!G52 -> 1 | H104: =[1]D!H52 -> 1 | I104: =[1]D!I52 -> 1 | ... AF104: =[1]D!AF52 -> 1 | AH104: =1*COUNTIF(A104:AF104,"+") -> 0 | AI104: =1*COUNTIF(B104:AF104,"szf") -> 0
...

Sheet N
A1: JANUÁR | B1: 1 | C1: 2 | D1: 3 | E1: 4 | F1: 5 | G1: 6 | H1: 7 | I1: 8 | J1: 9 | K1: 10 | L1: 11 | M1: 12 | N1: 13 | O1: 14 | P1: 15 | Q1: 16 | R1: 17 | S1: 18 | T1: 19 | U1: 20 | V1: 21 | W1: 22 | X1: 23 | Y1: 24 | Z1: 25 | AA1: 26 | AB1: 27 | AC1: 28 | AD1: 29 | AE1: 30 | AF1: 31 | AH1: + | AI1: SZF
B2: ='2020'!B4 -> Sze | C2: ='2020'!C4 -> Cs | D2: ='2020'!D4 -> P | E2: ='2020'!E4 -> Szo | F2: ='2020'!F4 -> V | G2: ='2020'!G4 -> H | H2: ='2020'!H4 -> K | I2: ='2020'!I4 -> Sze | ... AF2: ='2020'!AF4 -> P
A4: =ÖSSZES!$A$95 -> Kovács Kriszitán | B4: Fü | E4: X | F4: X | L4: X | M4: X | S4: X | T4: X | Z4: X | AA4: X | AB4: szf | AH4: =1*COUNTIF(A4:AF4,"+") -> 0 | AI4: =1*COUNTIF(B4:AF4,"szf") -> 1
A5: =ÖSSZES!$A$96 -> Besse Éva | B5: Fü | E5: X | F5: X | L5: X | M5: X | S5: X | T5: X | Y5: szf | Z5: X | AA5: X | AH5: =1*COUNTIF(A5:AF5,"+") -> 0 | AI5: =1*COUNTIF(B5:AF5,"szf") -> 1
A6: =ÖSSZES!$A$97 -> Oláh Erika | B6: Fü | E6: X | F6: X | L6: X | M6: X | S6: X | T6: X | Z6: X | AA6: X | AB6: B | AC6: B | AD6: B | AE6: B | AH6: =1*COUNTIF(A6:AF6,"+") -> 0 | AI6: =1*COUNTIF(B6:AF6,"szf") -> 0
A7: =ÖSSZES!$A$98 -> Bulyáki Csaba | B7: Fü | E7: X | F7: X | L7: X | M7: X | S7: X | T7: X | Z7: X | AA7: X | AD7: szf | AH7: =1*COUNTIF(A7:AF7,"+") -> 0 | AI7: =1*COUNTIF(B7:AF7,"szf") -> 1
A8: =ÖSSZES!$A$99 -> Fekete Tamás | B8: Fü | C8: szf | E8: X | F8: X | L8: X | M8: X | S8: X | T8: X | Z8: X | AA8: X | AH8: =1*COUNTIF(A8:AF8,"+") -> 0 | AI8: =1*COUNTIF(B8:AF8,"szf") -> 1
A9: =ÖSSZES!$A$100 -> Péter Csaba | B9: Fü | C9: szf | D9: szf | E9: X | F9: X | H9: B | I9: B | L9: X | M9: X | S9: X | T9: X | Z9: X | AA9: X | AH9: =1*COUNTIF(A9:AF9,"+") -> 0 | AI9: =1*COUNTIF(B9:AF9,"szf") -> 2
A10: =ÖSSZES!$A$101 -> Tóth János | B10: Fü | E10: X | F10: X | L10: X | M10: X | P10: kik | S10: X | T10: X | V10: B | W10: B | X10: B | Y10: B | Z10: X | AA10: X | AB10: B | AC10: B | AD10: B | AH10: =1*COUNTIF(A10:AF10,"+") -> 0 | AI10: =1*COUNTIF(B10:AF10,"szf") -> 0
A11: =ÖSSZES!$A$102 -> Tóth Krisztián | B11: Fü | C11: szf | D11: szf | E11: X | F11: X | L11: X | M11: X | S11: X | T11: X | Z11: X | AA11: X | AH11: =1*COUNTIF(A11:AF11,"+") -> 0 | AI11: =1*COUNTIF(B11:AF11,"szf") -> 2
A12: =ÖSSZES!$A$103 -> Tassi Szilárd | B12: Fü | E12: X | F12: X | L12: X | M12: X | N12: szf | S12: X | T12: X | Z12: X | AA12: X | AH12: =1*COUNTIF(A12:AF12,"+") -> 0 | AI12: =1*COUNTIF(B12:AF12,"szf") -> 1
A13: =ÖSSZES!$A$104 -> Dancsi Attila | B13: Fü | C13: szf | E13: X | F13: X | L13: X | M13: X | S13: X | T13: X | Z13: X | AA13: X | AH13: =1*COUNTIF(A13:AF13,"+") -> 0 | AI13: =1*COUNTIF(B13:AF13,"szf") -> 1
A14: =ÖSSZES!$A$105 -> Iványi Roland | B14: Fü | E14: X | F14: X | L14: X | M14: X | S14: X | T14: X | Z14: X | AA14: X | AH14: =1*COUNTIF(A14:AF14,"+") -> 0 | AI14: =1*COUNTIF(B14:AF14,"szf") -> 0
A15: =ÖSSZES!$A$106 -> Név12 | B15: Fü | E15: X | F15: X | L15: X | M15: X | S15: X | T15: X | Z15: X | AA15: X | AH15: =1*COUNTIF(A15:AF15,"+") -> 0 | AI15: =1*COUNTIF(B15:AF15,"szf") -> 0
A16: =ÖSSZES!$A$107 -> Név13 | B16: Fü | E16: X | F16: X | L16: X | M16: X | S16: X | T16: X | Z16: X | AA16: X | AH16: =1*COUNTIF(A16:AF16,"+") -> 0 | AI16: =1*COUNTIF(B16:AF16,"szf") -> 0
A17: =ÖSSZES!$A$108 -> Név14 | B17: Fü | E17: X | F17: X | L17: X | M17: X | S17: X | T17: X | Z17: X | AA17: X | AH17: =1*COUNTIF(A17:AF17,"+") -> 0 | AI17: =1*COUNTIF(B17:AF17,"szf") -> 0
A18: =ÖSSZES!$A$109 -> Név15 | B18: Fü | E18: X | F18: X | L18: X | M18: X | S18: X | T18: X | Z18: X | AA18: X | AH18: =1*COUNTIF(A18:AF18,"+") -> 0 | AI18: =1*COUNTIF(B18:AF18,"szf") -> 0
A19: =ÖSSZES!$A$110 -> Név16 | B19: Fü | E19: X | F19: X | L19: X | M19: X | S19: X | T19: X | Z19: X | AA19: X | AH19: =1*COUNTIF(A19:AF19,"+") -> 0 | AI19: =1*COUNTIF(B19:AF19,"szf") -> 0
A20: =ÖSSZES!$A$111 -> Név17 | B20: Fü | E20: X | F20: X | L20: X | M20: X | S20: X | T20: X | Z20: X | AA20: X | AH20: =1*COUNTIF(A20:AF20,"+") -> 0 | AI20: =1*COUNTIF(B20:AF20,"szf") -> 0
A21: =ÖSSZES!$A$112 -> Név18 | B21: Fü | E21: X | F21: X | L21: X | M21: X | S21: X | T21: X | Z21: X | AA21: X | AH21: =1*COUNTIF(A21:AF21,"+") -> 0 | AI21: =1*COUNTIF(B21:AF21,"szf") -> 0
A22: =ÖSSZES!$A$113 -> Név19 | B22: Fü | E22: X | F22: X | L22: X | M22: X | S22: X | T22: X | Z22: X | AA22: X | AH22: =1*COUNTIF(A22:AF22,"+") -> 0 | AI22: =1*COUNTIF(B22:AF22,"szf") -> 0
A23: =ÖSSZES!$A$114 -> Név20 | B23: Fü | E23: X | F23: X | L23: X | M23: X | S23: X | T23: X | Z23: X | AA23: X | AH23: =1*COUNTIF(A23:AF23,"+") -> 0 | AI23: =1*COUNTIF(B23:AF23,"szf") -> 0
A25: FEBRUÁR | B25: 1 | C25: 2 | D25: 3 | E25: 4 | F25: 5 | G25: 6 | H25: 7 | I25: 8 | J25: 9 | K25: 10 | L25: 11 | M25: 12 | N25: 13 | O25: 14 | P25: 15 | Q25: 16 | R25: 17 | S25: 18 | T25: 19 | U25: 20 | V25: 21 | W25: 22 | X25: 23 | Y25: 24 | Z25: 25 | AA25: 26 | AB25: 27 | AC25: 28 | AD25: 29 | AH25: + | AI25: SZF
B26: ='2020'!B12 -> Szo | C26: ='2020'!C12 -> V | D26: ='2020'!D12 -> H | E26: ='2020'!E12 -> K | F26: ='2020'!F12 -> Sze | G26: ='2020'!G12 -> Cs | H26: ='2020'!H12 -> P | I26: ='2020'!I12 -> Szo | ... AD26: ='2020'!AD12 -> Szo
A28: =ÖSSZES!$A$95 -> Kovács Kriszitán | B28: X | C28: X | I28: X | J28: X | P28: X | Q28: X | W28: X | X28: X | AD28: X | AH28: =1*COUNTIF(A28:AF28,"+") -> 0 | AI28: =1*COUNTIF(B28:AF28,"szf") -> 0
A29: =ÖSSZES!$A$96 -> Besse Éva | B29: X | C29: X | I29: X | J29: X | P29: X | Q29: X | V29: B | W29: X | X29: X | Y29: B | Z29: B | AD29: X | AH29: =1*COUNTIF(A29:AF29,"+") -> 0 | AI29: =1*COUNTIF(B29:AF29,"szf") -> 0
A30: =ÖSSZES!$A$97 -> Oláh Erika | B30: X | C30: X | I30: X | J30: X | P30: X | Q30: X | W30: X | X30: X | Z30: szf | AD30: X | AH30: =1*COUNTIF(A30:AF30,"+") -> 0 | AI30: =1*COUNTIF(B30:AF30,"szf") -> 1
A31: =ÖSSZES!$A$98 -> Bulyáki Csaba | B31: X | C31: X | I31: X | J31: X | P31: X | Q31: X | U31: szf | V31: szf | W31: X | X31: X | AD31: X | AH31: =1*COUNTIF(A31:AF31,"+") -> 0 | AI31: =1*COUNTIF(B31:AF31,"szf") -> 2
A32: =ÖSSZES!$A$99 -> Fekete Tamás | B32: X | C32: X | I32: X | J32: X | P32: X | Q32: X | W32: X | X32: X | AC32: szf | AD32: X | AH32: =1*COUNTIF(A32:AF32,"+") -> 0 | AI32: =1*COUNTIF(B32:AF32,"szf") -> 1
A33: =ÖSSZES!$A$100 -> Péter Csaba | B33: X | C33: X | I33: X | J33: X | P33: X | Q33: X | W33: X | X33: X | AD33: X | AH33: =1*COUNTIF(A33:AF33,"+") -> 0 | AI33: =1*COUNTIF(B33:AF33,"szf") -> 0
A34: =ÖSSZES!$A$101 -> Tóth János | B34: X | C34: X | I34: X | J34: X | P34: X | Q34: X | W34: X | X34: X | AD34: X | AH34: =1*COUNTIF(A34:AF34,"+") -> 0 | AI34: =1*COUNTIF(B34:AF34,"szf") -> 0
A35: =ÖSSZES!$A$102 -> Tóth Krisztián | B35: X | C35: X | I35: X | J35: X | O35: cs | P35: X | Q35: X | W35: X | X35: X | AD35: X | AH35: =1*COUNTIF(A35:AF35,"+") -> 0 | AI35: =1*COUNTIF(B35:AF35,"szf") -> 0
A36: =ÖSSZES!$A$103 -> Tassi Szilárd | B36: X | C36: X | I36: X | J36: X | P36: X | Q36: X | T36: B | U36: B | V36: B | W36: X | X36: X | AD36: X | AH36: =1*COUNTIF(A36:AF36,"+") -> 0 | AI36: =1*COUNTIF(B36:AF36,"szf") -> 0
A37: =ÖSSZES!$A$104 -> Dancsi Attila | B37: X | C37: X | I37: X | J37: X | P37: X | Q37: X | W37: X | X37: X | AD37: X | AH37: =1*COUNTIF(A37:AF37,"+") -> 0 | AI37: =1*COUNTIF(B37:AF37,"szf") -> 0
A38: =ÖSSZES!$A$105 -> Iványi Roland | B38: X | C38: X | I38: X | J38: X | P38: X | Q38: X | W38: X | X38: X | AD38: X | AH38: =1*COUNTIF(A38:AF38,"+") -> 0 | AI38: =1*COUNTIF(B38:AF38,"szf") -> 0
A39: =ÖSSZES!$A$106 -> Név12 | B39: X | C39: X | I39: X | J39: X | P39: X | Q39: X | W39: X | X39: X | AD39: X | AH39: =1*COUNTIF(A39:AF39,"+") -> 0 | AI39: =1*COUNTIF(B39:AF39,"szf") -> 0
A40: =ÖSSZES!$A$107 -> Név13 | B40: X | C40: X | I40: X | J40: X | P40: X | Q40: X | W40: X | X40: X | AD40: X | AH40: =1*COUNTIF(A40:AF40,"+") -> 0 | AI40: =1*COUNTIF(B40:AF40,"szf") -> 0
A41: =ÖSSZES!$A$108 -> Név14 | B41: X | C41: X | I41: X | J41: X | P41: X | Q41: X | W41: X | X41: X | AD41: X | AH41: =1*COUNTIF(A41:AF41,"+") -> 0 | AI41: =1*COUNTIF(B41:AF41,"szf") -> 0
A42: =ÖSSZES!$A$109 -> Név15 | B42: X | C42: X | I42: X | J42: X | P42: X | Q42: X | W42: X | X42: X | AD42: X | AH42: =1*COUNTIF(A42:AF42,"+") -> 0 | AI42: =1*COUNTIF(B42:AF42,"szf") -> 0
A43: =ÖSSZES!$A$110 -> Név16 | B43: X | C43: X | I43: X | J43: X | P43: X | Q43: X | W43: X | X43: X | AD43: X | AH43: =1*COUNTIF(A43:AF43,"+") -> 0 | AI43: =1*COUNTIF(B43:AF43,"szf") -> 0
A44: =ÖSSZES!$A$111 -> Név17 | B44: X | C44: X | I44: X | J44: X | P44: X | Q44: X | W44: X | X44: X | AD44: X | AH44: =1*COUNTIF(A44:AF44,"+") -> 0 | AI44: =1*COUNTIF(B44:AF44,"szf") -> 0
A45: =ÖSSZES!$A$112 -> Név18 | B45: X | C45: X | I45: X | J45: X | P45: X | Q45: X | W45: X | X45: X | AD45: X | AH45: =1*COUNTIF(A45:AF45,"+") -> 0 | AI45: =1*COUNTIF(B45:AF45,"szf") -> 0
A46: =ÖSSZES!$A$113 -> Név19 | B46: X | C46: X | I46: X | J46: X | P46: X | Q46: X | W46: X | X46: X | AD46: X | AH46: =1*COUNTIF(A46:AF46,"+") -> 0 | AI46: =1*COUNTIF(B46:AF46,"szf") -> 0
A47: =ÖSSZES!$A$114 -> Név20 | B47: X | C47: X | I47: X | J47: X | P47: X | Q47: X | W47: X | X47: X | AD47: X | AH47: =1*COUNTIF(A47:AF47,"+") -> 0 | AI47: =1*COUNTIF(B47:AF47,"szf") -> 0
A49: MÁRCIUS | B49: 1 | C49: 2 | D49: 3 | E49: 4 | F49: 5 | G49: 6 | H49: 7 | I49: 8 | J49: 9 | K49: 10 | L49: 11 | M49: 12 | N49: 13 | O49: 14 | P49: 15 | Q49: 16 | R49: 17 | S49: 18 | T49: 19 | U49: 20 | V49: 21 | W49: 22 | X49: 23 | Y49: 24 | Z49: 25 | AA49: 26 | AB49: 27 | AC49: 28 | AD49: 29 | AE49: 30 | AF49: 31 | AH49: + | AI49: SZF
B50: ='2020'!B20 -> V | C50: ='2020'!C20 -> H | D50: ='2020'!D20 -> K | E50: ='2020'!E20 -> Sze | F50: ='2020'!F20 -> Cs | G50: ='2020'!G20 -> P | H50: ='2020'!H20 -> Szo | I50: ='2020'!I20 -> V | ... AF50: ='2020'!AF20 -> K
A52: =ÖSSZES!$A$95 -> Kovács Kriszitán | B52: X | H52: X | I52: X | O52: X | P52: X | V52: X | W52: X | AC52: X | AD52: X | AH52: =1*COUNTIF(A52:AF52,"+") -> 0 | AI52: =1*COUNTIF(B52:AF52,"szf") -> 0
A53: =ÖSSZES!$A$96 -> Besse Éva | B53: X | H53: X | I53: X | O53: X | P53: X | V53: X | W53: X | AC53: X | AD53: X | AH53: =1*COUNTIF(A53:AF53,"+") -> 0 | AI53: =1*COUNTIF(B53:AF53,"szf") -> 0
A54: =ÖSSZES!$A$97 -> Oláh Erika | B54: X | H54: X | I54: X | O54: X | P54: X | V54: X | W54: X | AC54: X | AD54: X | AH54: =1*COUNTIF(A54:AF54,"+") -> 0 | AI54: =1*COUNTIF(B54:AF54,"szf") -> 0
A55: =ÖSSZES!$A$98 -> Bulyáki Csaba | B55: X | H55: X | I55: X | L55: SZF | M55: SZF | N55: SZF | O55: X | P55: X | V55: X | W55: X | Y55: HO | Z55: HO | AC55: X | AD55: X | AF55: HO | AH55: =1*COUNTIF(A55:AF55,"+") -> 0 | AI55: =1*COUNTIF(B55:AF55,"szf") -> 3
A56: =ÖSSZES!$A$99 -> Fekete Tamás | B56: X | E56: B | F56: B | G56: B | H56: X | I56: X | O56: X | P56: X | V56: X | W56: X | AC56: X | AD56: X | AH56: =1*COUNTIF(A56:AF56,"+") -> 0 | AI56: =1*COUNTIF(B56:AF56,"szf") -> 0
A57: =ÖSSZES!$A$100 -> Péter Csaba | B57: X | H57: X | I57: X | O57: X | P57: X | V57: X | W57: X | AC57: X | AD57: X | AH57: =1*COUNTIF(A57:AF57,"+") -> 0 | AI57: =1*COUNTIF(B57:AF57,"szf") -> 0
A58: =ÖSSZES!$A$101 -> Tóth János | B58: X | H58: X | I58: X | O58: X | P58: X | V58: X | W58: X | AC58: X | AD58: X | AH58: =1*COUNTIF(A58:AF58,"+") -> 0 | AI58: =1*COUNTIF(B58:AF58,"szf") -> 0
A59: =ÖSSZES!$A$102 -> Tóth Krisztián | B59: X | H59: X | I59: X | O59: X | P59: X | V59: X | W59: X | AC59: X | AD59: X | AH59: =1*COUNTIF(A59:AF59,"+") -> 0 | AI59: =1*COUNTIF(B59:AF59,"szf") -> 0
A60: =ÖSSZES!$A$103 -> Tassi Szilárd | B60: X | H60: X | I60: X | O60: X | P60: X | V60: X | W60: X | AC60: X | AD60: X | AH60: =1*COUNTIF(A60:AF60,"+") -> 0 | AI60: =1*COUNTIF(B60:AF60,"szf") -> 0
A61: =ÖSSZES!$A$104 -> Dancsi Attila | B61: X | H61: X | I61: X | O61: X | P61: X | V61: X | W61: X | AC61: X | AD61: X | AH61: =1*COUNTIF(A61:AF61,"+") -> 0 | AI61: =1*COUNTIF(B61:AF61,"szf") -> 0
A62: =ÖSSZES!$A$105 -> Iványi Roland | B62: X | H62: X | I62: X | O62: X | P62: X | V62: X | W62: X | AC62: X | AD62: X | AH62: =1*COUNTIF(A62:AF62,"+") -> 0 | AI62: =1*COUNTIF(B62:AF62,"szf") -> 0
A63: =ÖSSZES!$A$106 -> Név12 | B63: X | H63: X | I63: X | O63: X | P63: X | V63: X | W63: X | AC63: X | AD63: X | AH63: =1*COUNTIF(A63:AF63,"+") -> 0 | AI63: =1*COUNTIF(B63:AF63,"szf") -> 0
A64: =ÖSSZES!$A$107 -> Név13 | B64: X | H64: X | I64: X | O64: X | P64: X | V64: X | W64: X | AC64: X | AD64: X | AH64: =1*COUNTIF(A64:AF64,"+") -> 0 | AI64: =1*COUNTIF(B64:AF64,"szf") -> 0
A65: =ÖSSZES!$A$108 -> Név14 | B65: X | H65: X | I65: X | O65: X | P65: X | V65: X | W65: X | AC65: X | AD65: X | AH65: =1*COUNTIF(A65:AF65,"+") -> 0 | AI65: =1*COUNTIF(B65:AF65,"szf") -> 0
A66: =ÖSSZES!$A$109 -> Név15 | B66: X | H66: X | I66: X | O66: X | P66: X | V66: X | W66: X | AC66: X | AD66: X | AH66: =1*COUNTIF(A66:AF66,"+") -> 0 | AI66: =1*COUNTIF(B66:AF66,"szf") -> 0
A67: =ÖSSZES!$A$110 -> Név16 | B67: X | H67: X | I67: X | O67: X | P67: X | V67: X | W67: X | AC67: X | AD67: X | AH67: =1*COUNTIF(A67:AF67,"+") -> 0 | AI67: =1*COUNTIF(B67:AF67,"szf") -> 0
A68: =ÖSSZES!$A$111 -> Név17 | B68: X | H68: X | I68: X | O68: X | P68: X | V68: X | W68: X | AC68: X | AD68: X | AH68: =1*COUNTIF(A68:AF68,"+") -> 0 | AI68: =1*COUNTIF(B68:AF68,"szf") -> 0
A69: =ÖSSZES!$A$112 -> Név18 | B69: X | H69: X | I69: X | O69: X | P69: X | V69: X | W69: X | AC69: X | AD69: X | AH69: =1*COUNTIF(A69:AF69,"+") -> 0 | AI69: =1*COUNTIF(B69:AF69,"szf") -> 0
A70: =ÖSSZES!$A$113 -> Név19 | B70: X | H70: X | I70: X | O70: X | P70: X | V70: X | W70: X | AC70: X | AD70: X | AH70: =1*COUNTIF(A70:AF70,"+") -> 0 | AI70: =1*COUNTIF(B70:AF70,"szf") -> 0
A71: =ÖSSZES!$A$114 -> Név20 | B71: X | H71: X | I71: X | O71: X | P71: X | V71: X | W71: X | AC71: X | AD71: X | AH71: =1*COUNTIF(A71:AF71,"+") -> 0 | AI71: =1*COUNTIF(B71:AF71,"szf") -> 0
A73: ÁRPILIS | B73: 1 | C73: 2 | D73: 3 | E73: 4 | F73: 5 | G73: 6 | H73: 7 | I73: 8 | J73: 9 | K73: 10 | L73: 11 | M73: 12 | N73: 13 | O73: 14 | P73: 15 | Q73: 16 | R73: 17 | S73: 18 | T73: 19 | U73: 20 | V73: 21 | W73: 22 | X73: 23 | Y73: 24 | Z73: 25 | AA73: 26 | AB73: 27 | AC73: 28 | AD73: 29 | AE73: 30 | AH73: + | AI73: SZF
B74: ='2020'!B28 -> Sze | C74: ='2020'!C28 -> Cs | D74: ='2020'!D28 -> P | E74: ='2020'!E28 -> Szo | F74: ='2020'!F28 -> V | G74: ='2020'!G28 -> H | H74: ='2020'!H28 -> K | I74: ='2020'!I28 -> Sze | ... AE74: ='2020'!AE28 -> Cs
A76: =ÖSSZES!$A$95 -> Kovács Kriszitán | C76: HO | E76: X | F76: X | I76: HO | J76: HO | K76: Fü | L76: X | M76: X | N76: Fü | P76: HO | Q76: HO | S76: X | T76: X | Z76: X | AA76: X | AC76: HO | AH76: =1*COUNTIF(A76:AF76,"+") -> 0 | AI76: =1*COUNTIF(B76:AF76,"szf") -> 0
A77: =ÖSSZES!$A$96 -> Besse Éva | E77: X | F77: X | K77: Fü | L77: X | M77: X | N77: Fü | S77: X | T77: X | Z77: X | AA77: X | AH77: =1*COUNTIF(A77:AF77,"+") -> 0 | AI77: =1*COUNTIF(B77:AF77,"szf") -> 0
A78: =ÖSSZES!$A$97 -> Oláh Erika | B78: HO | C78: HO | D78: HO | E78: X | F78: X | K78: Fü | L78: X | M78: X | N78: Fü | P78: HO | Q78: HO | R78: HO | S78: X | T78: X | X78: HO | Y78: HO | Z78: X | AA78: X | AD78: HO | AE78: HO | AH78: =1*COUNTIF(A78:AF78,"+") -> 0 | AI78: =1*COUNTIF(B78:AF78,"szf") -> 0
A79: =ÖSSZES!$A$98 -> Bulyáki Csaba | E79: X | F79: X | K79: Fü | L79: X | M79: X | N79: Fü | R79: HO | S79: X | T79: X | U79: HO | Z79: X | AA79: X | AB79: HO | AE79: HO | AH79: =1*COUNTIF(A79:AF79,"+") -> 0 | AI79: =1*COUNTIF(B79:AF79,"szf") -> 0
A80: =ÖSSZES!$A$99 -> Fekete Tamás | D80: HO | E80: X | F80: X | K80: Fü | L80: X | M80: X | N80: Fü | S80: X | T80: X | Z80: X | AA80: X | AE80: HO | AH80: =1*COUNTIF(A80:AF80,"+") -> 0 | AI80: =1*COUNTIF(B80:AF80,"szf") -> 0
A81: =ÖSSZES!$A$100 -> Péter Csaba | E81: X | F81: X | K81: Fü | L81: X | M81: X | N81: Fü | S81: X | T81: X | Z81: X | AA81: X | AH81: =1*COUNTIF(A81:AF81,"+") -> 0 | AI81: =1*COUNTIF(B81:AF81,"szf") -> 0
A82: =ÖSSZES!$A$101 -> Tóth János | E82: X | F82: X | G82: cs | H82: cs | I82: cs | J82: cs | K82: Fü | L82: X | M82: X | N82: Fü | O82: cs | P82: szf | Q82: szf | R82: szf | S82: X | T82: X | Z82: X | AA82: X | AH82: =1*COUNTIF(A82:AF82,"+") -> 0 | AI82: =1*COUNTIF(B82:AF82,"szf") -> 3
A83: =ÖSSZES!$A$102 -> Tóth Krisztián | B83: HO | C83: HO | D83: HO | E83: X | F83: X | K83: Fü | L83: X | M83: X | N83: Fü | S83: X | T83: X | Z83: X | AA83: X | AH83: =1*COUNTIF(A83:AF83,"+") -> 0 | AI83: =1*COUNTIF(B83:AF83,"szf") -> 0
A84: =ÖSSZES!$A$103 -> Tassi Szilárd | E84: X | F84: X | G84: HO | I84: HO | K84: Fü | L84: X | M84: X | N84: Fü | R84: HO | S84: X | T84: X | X84: cs | Y84: cs | Z84: X | AA84: X | AH84: =1*COUNTIF(A84:AF84,"+") -> 0 | AI84: =1*COUNTIF(B84:AF84,"szf") -> 0
A85: =ÖSSZES!$A$104 -> Dancsi Attila | E85: X | F85: X | K85: Fü | L85: X | M85: X | N85: Fü | R85: szf | S85: X | T85: X | Z85: X | AA85: X | AH85: =1*COUNTIF(A85:AF85,"+") -> 0 | AI85: =1*COUNTIF(B85:AF85,"szf") -> 1
A86: =ÖSSZES!$A$105 -> Iványi Roland | E86: X | F86: X | K86: Fü | L86: X | M86: X | N86: Fü | S86: X | T86: X | Z86: X | AA86: X | AH86: =1*COUNTIF(A86:AF86,"+") -> 0 | AI86: =1*COUNTIF(B86:AF86,"szf") -> 0
A87: =ÖSSZES!$A$106 -> Név12 | E87: X | F87: X | K87: Fü | L87: X | M87: X | N87: Fü | S87: X | T87: X | Z87: X | AA87: X | AH87: =1*COUNTIF(A87:AF87,"+") -> 0 | AI87: =1*COUNTIF(B87:AF87,"szf") -> 0
A88: =ÖSSZES!$A$107 -> Név13 | E88: X | F88: X | K88: Fü | L88: X | M88: X | N88: Fü | S88: X | T88: X | Z88: X | AA88: X | AH88: =1*COUNTIF(A88:AF88,"+") -> 0 | AI88: =1*COUNTIF(B88:AF88,"szf") -> 0
A89: =ÖSSZES!$A$108 -> Név14 | E89: X | F89: X | K89: Fü | L89: X | M89: X | N89: Fü | S89: X | T89: X | Z89: X | AA89: X | AH89: =1*COUNTIF(A89:AF89,"+") -> 0 | AI89: =1*COUNTIF(B89:AF89,"szf") -> 0
A90: =ÖSSZES!$A$109 -> Név15 | E90: X | F90: X | K90: Fü | L90: X | M90: X | N90: Fü | S90: X | T90: X | Z90: X | AA90: X | AH90: =1*COUNTIF(A90:AF90,"+") -> 0 | AI90: =1*COUNTIF(B90:AF90,"szf") -> 0
A91: =ÖSSZES!$A$110 -> Név16 | E91: X | F91: X | K91: Fü | L91: X | M91: X | N91: Fü | S91: X | T91: X | Z91: X | AA91: X | AH91: =1*COUNTIF(A91:AF91,"+") -> 0 | AI91: =1*COUNTIF(B91:AF91,"szf") -> 0
A92: =ÖSSZES!$A$111 -> Név17 | E92: X | F92: X | K92: Fü | L92: X | M92: X | N92: Fü | S92: X | T92: X | Z92: X | AA92: X | AH92: =1*COUNTIF(A92:AF92,"+") -> 0 | AI92: =1*COUNTIF(B92:AF92,"szf") -> 0
A93: =ÖSSZES!$A$112 -> Név18 | E93: X | F93: X | K93: Fü | L93: X | M93: X | N93: Fü | S93: X | T93: X | Z93: X | AA93: X | AH93: =1*COUNTIF(A93:AF93,"+") -> 0 | AI93: =1*COUNTIF(B93:AF93,"szf") -> 0
A94: =ÖSSZES!$A$113 -> Név19 | E94: X | F94: X | K94: Fü | L94: X | M94: X | N94: Fü | S94: X | T94: X | Z94: X | AA94: X | AH94: =1*COUNTIF(A94:AF94,"+") -> 0 | AI94: =1*COUNTIF(B94:AF94,"szf") -> 0
A95: =ÖSSZES!$A$114 -> Név20 | E95: X | F95: X | K95: Fü | L95: X | M95: X | N95: Fü | S95: X | T95: X | Z95: X | AA95: X | AH95: =1*COUNTIF(A95:AF95,"+") -> 0 | AI95: =1*COUNTIF(B95:AF95,"szf") -> 0
A97: MÁJUS | B97: 1 | C97: 2 | D97: 3 | E97: 4 | F97: 5 | G97: 6 | H97: 7 | I97: 8 | J97: 9 | K97: 10 | L97: 11 | M97: 12 | N97: 13 | O97: 14 | P97: 15 | Q97: 16 | R97: 17 | S97: 18 | T97: 19 | U97: 20 | V97: 21 | W97: 22 | X97: 23 | Y97: 24 | Z97: 25 | AA97: 26 | AB97: 27 | AC97: 28 | AD97: 29 | AE97: 30 | AF97: 31 | AH97: + | AI97: SZF
B98: ='2020'!B36 -> P | C98: ='2020'!C36 -> Szo | D98: ='2020'!D36 -> V | E98: ='2020'!E36 -> H | F98: ='2020'!F36 -> K | G98: ='2020'!G36 -> Sze | H98: ='2020'!H36 -> Cs | I98: ='2020'!I36 -> P | ... AF98: ='2020'!AF36 -> V
A100: =ÖSSZES!$A$95 -> Kovács Kriszitán | B100: Fü | C100: X | D100: X | J100: X | K100: X | Q100: X | R100: X | X100: X | Y100: X | AE100: X | AF100: X | AH100: =1*COUNTIF(A100:AF100,"+") -> 0 | AI100: =1*COUNTIF(B100:AF100,"szf") -> 0
A101: =ÖSSZES!$A$96 -> Besse Éva | B101: Fü | C101: X | D101: X | J101: X | K101: X | Q101: X | R101: X | X101: X | Y101: X | AE101: X | AF101: X | AH101: =1*COUNTIF(A101:AF101,"+") -> 0 | AI101: =1*COUNTIF(B101:AF101,"szf") -> 0
A102: =ÖSSZES!$A$97 -> Oláh Erika | B102: Fü | C102: X | D102: X | J102: X | K102: X | Q102: X | R102: X | X102: X | Y102: X | AE102: X | AF102: X | AH102: =1*COUNTIF(A102:AF102,"+") -> 0 | AI102: =1*COUNTIF(B102:AF102,"szf") -> 0
A103: =ÖSSZES!$A$98 -> Bulyáki Csaba | B103: Fü | C103: X | D103: X | J103: X | K103: X | Q103: X | R103: X | X103: X | Y103: X | AE103: X | AF103: X | AH103: =1*COUNTIF(A103:AF103,"+") -> 0 | AI103: =1*COUNTIF(B103:AF103,"szf") -> 0
A104: =ÖSSZES!$A$99 -> Fekete Tamás | B104: Fü | C104: X | D104: X | J104: X | K104: X | Q104: X | R104: X | X104: X | Y104: X | AE104: X | AF104: X | AH104: =1*COUNTIF(A104:AF104,"+") -> 0 | AI104: =1*COUNTIF(B104:AF104,"szf") -> 0
A105: =ÖSSZES!$A$100 -> Péter Csaba | B105: Fü | C105: X | D105: X | J105: X | K105: X | Q105: X | R105: X | X105: X | Y105: X | AE105: X | AF105: X | AH105: =1*COUNTIF(A105:AF105,"+") -> 0 | AI105: =1*COUNTIF(B105:AF105,"szf") -> 0
A106: =ÖSSZES!$A$101 -> Tóth János | B106: Fü | C106: X | D106: X | J106: X | K106: X | Q106: X | R106: X | X106: X | Y106: X | AE106: X | AF106: X | AH106: =1*COUNTIF(A106:AF106,"+") -> 0 | AI106: =1*COUNTIF(B106:AF106,"szf") -> 0
A107: =ÖSSZES!$A$102 -> Tóth Krisztián | B107: Fü | C107: X | D107: X | J107: X | K107: X | Q107: X | R107: X | X107: X | Y107: X | AE107: X | AF107: X | AH107: =1*COUNTIF(A107:AF107,"+") -> 0 | AI107: =1*COUNTIF(B107:AF107,"szf") -> 0
A108: =ÖSSZES!$A$103 -> Tassi Szilárd | B108: Fü | C108: X | D108: X | J108: X | K108: X | Q108: X | R108: X | X108: X | Y108: X | AE108: X | AF108: X | AH108: =1*COUNTIF(A108:AF108,"+") -> 0 | AI108: =1*COUNTIF(B108:AF108,"szf") -> 0
A109: =ÖSSZES!$A$104 -> Dancsi Attila | B109: Fü | C109: X | D109: X | J109: X | K109: X | Q109: X | R109: X | X109: X | Y109: X | AE109: X | AF109: X | AH109: =1*COUNTIF(A109:AF109,"+") -> 0 | AI109: =1*COUNTIF(B109:AF109,"szf") -> 0
...
